vehicle_count,average_speed,road_occupancy,rainfall,temperature,hour,day_of_week,congestion_level
122,74,63.98923805965951,13.139285377852357,42.91442458739601,23,6,Low
455,30,25.986879897945467,18.943842767689503,33.78903284321598,7,1,High
368,22,82.7962688474958,40.202370136132444,17.51867109212705,13,4,Moderate
290,66,32.84317058720116,21.694222856896275,41.54980840185078,0,6,Low
126,58,67.47184885786132,75.80820012861777,23.066245480245446,8,5,Low
91,63,6.45121817349934,37.1092177143078,22.313084792481824,23,6,Low
208,19,38.53914169047325,4.703681323570965,23.912729063409625,0,5,Low
40,62,36.653883616292745,58.341312466930674,32.31606708377872,6,5,Low
122,53,53.9135985724713,26.30762305671917,31.3406428030193,19,6,Low
141,56,11.546263559947684,52.27911456465981,29.742412638686453,12,6,Low
486,62,76.11182363534975,22.36754964185856,36.52610590537881,14,0,High
234,83,24.600272159081168,45.65949933866559,24.49613194004877,8,6,Low
350,55,65.93340333938092,61.77220038459717,38.461935647172936,15,5,Moderate
478,22,77.28909109196839,74.24069934196432,20.259650351357976,16,3,High
107,46,55.56892606173618,20.890171554646166,38.47862367231028,8,4,Low
392,33,71.6794886049787,26.788556079918493,34.914303157508485,5,5,Moderate
119,11,64.5674280993505,37.141313622875174,35.4962492864276,19,1,Low
379,23,36.99768174368069,74.1739870188791,29.4466019138178,11,6,Moderate
171,19,77.79726851302088,72.11094854485256,35.01004598042594,15,5,Low
150,44,31.52312328969752,7.190262408051042,17.39391139678372,20,3,Low
169,34,56.409162597636545,10.554386060304868,40.546533511481016,14,6,Low
328,12,72.08579652273856,39.64073418645106,16.66641700462938,6,3,Moderate
277,26,39.10603188312568,8.52954182443388,19.462245296144925,9,3,Moderate
363,21,32.249084685568256,27.646469867895796,32.30369125491709,3,3,Moderate
433,63,46.34114091555404,11.870830257398213,37.18234366370075,23,3,High
313,33,78.61671449142382,50.88322841055087,17.287546930387606,2,1,Moderate
405,38,88.69295868310984,75.95963453913294,42.622944423669594,17,0,High
211,52,54.05750715739011,79.73870162355053,44.20822946402096,0,2,Low
463,34,64.53195847912866,30.019290599753184,33.178505190231334,12,0,High
296,69,86.29462600150228,47.92101096916898,29.437303661305094,21,2,Moderate
180,74,13.869216627164816,68.5014122819265,37.24184916839249,17,4,Low
479,37,25.887072007954853,9.396965823710719,24.85072056981616,7,6,High
333,25,68.80100056264243,55.165152884157195,29.797933023153192,10,3,Moderate
41,56,79.13700157210697,32.70749293800546,42.48453080443204,9,4,Low
272,67,82.13261254975201,16.49169282241313,43.66966275724601,3,4,Moderate
255,85,42.35964591694393,32.220289499795356,42.81207348153555,3,6,Low
364,36,13.040591206268015,6.0768229571933485,22.873442008915205,3,2,Moderate
68,62,44.40033295696579,55.63257188714446,21.974071206502902,11,1,Low
494,51,25.76611311863484,20.219413499876246,23.92993517787943,7,3,High
78,68,31.207680949696176,24.91245160359024,28.239333371653807,12,5,Low
189,56,74.50408011537553,9.68650385931702,24.425022383758908,7,6,Low
495,43,11.79743774232982,69.17272911119133,26.226383872171738,20,6,High
207,46,79.4823095732632,39.475542342619086,33.61910856362279,2,4,Low
483,15,43.49021772417522,45.77175022291202,37.87577031281928,11,0,High
290,16,58.64575379905356,45.554614647588366,37.06674594803751,17,3,Moderate
209,34,13.06870081121111,32.839449163307336,39.432707012374564,14,1,Low
465,42,35.36231705215516,15.402393235051157,15.965532096462065,13,3,Moderate
194,64,13.07308271133612,59.610619879872,16.432013690362684,8,5,Low
465,67,91.53893505929986,10.164501228613947,38.681488820658885,4,5,High
70,16,77.65354843936254,8.30990322230484,30.992364669738954,14,4,Low
383,66,46.36694789208142,56.81160300772027,32.344220212863604,7,0,Moderate
74,21,25.1242293491304,16.706961636158706,16.57760580643131,22,4,Low
263,25,89.0109594724867,24.541820108226588,22.659414035138127,2,1,Moderate
339,89,36.01369361542746,38.01819736013922,34.15062914656433,11,2,Moderate
150,52,19.488598851863728,35.948105338363696,40.77545670332029,4,5,Low
326,86,55.68479496085594,56.686330005199935,42.50950191544207,8,0,Moderate
154,16,89.93967083103345,49.874543475468876,30.012584875052454,19,5,Low
40,60,5.344726145029032,51.551692982549255,31.36422698214593,2,1,Low
348,82,26.43123589285989,57.12434645243658,39.99148893206973,22,1,Moderate
186,41,89.46028763693668,23.409018193877227,31.128738022420638,7,5,Moderate
293,84,20.397737017144586,25.78666494403789,30.50575576611952,20,4,Moderate
407,17,15.191910647583788,35.03981983164433,42.15252113282861,12,5,Moderate
108,81,56.316849421982404,24.596973842682086,38.6979816316764,7,4,Low
335,54,82.5659440965347,78.79502951766908,42.27217579083884,4,5,Moderate
33,68,47.93988359245335,65.12415411371437,21.547411643434614,6,4,Low
261,13,94.51078310160723,13.172375060482366,30.7312645996607,4,2,Moderate
284,76,66.12545295841934,0.4475324705495609,40.274163857800744,8,3,Moderate
365,38,11.666741648940295,3.4226614597814287,18.334434824013268,4,3,Moderate
72,38,94.35489185137779,19.525076083434023,38.83986462881886,7,4,Low
405,37,41.71048131021714,9.143302866948524,20.489201502446086,11,4,Moderate
359,86,30.86622804609343,42.667049191405766,39.243562649559635,3,6,Moderate
111,88,55.209126522009704,68.6396178181887,33.36002812670604,8,6,Low
386,53,32.38768326387779,58.94001767305819,20.797079744546014,21,2,Moderate
463,13,12.781175640813709,17.24872504657523,29.200625379984032,21,3,High
474,18,5.128550877125905,31.94394048206287,35.45715499382315,13,2,Moderate
447,14,45.46250176282361,40.63153676250221,34.01558702650627,18,6,High
283,65,80.31770800039331,64.81646796026683,27.81741588695113,12,6,Moderate
450,59,56.50836670670689,67.12972824849318,41.98099586762781,2,1,Moderate
54,84,94.92865690490967,72.77746495262208,30.577902434635327,3,5,Low
225,24,30.816198108248,40.739620040230015,30.176018955860652,0,6,Low
100,41,30.240955828404978,55.541979714869036,16.867517698243628,21,3,Low
439,37,19.377451421054978,8.944029698714973,42.66361169392911,0,4,Moderate
69,31,19.765722943880167,45.223116796318564,20.31349706035119,10,0,Low
379,26,30.666793640904302,19.895344757690808,30.85034080309663,15,6,Moderate
407,68,76.35560407461745,34.537350802128884,39.107028042009304,3,1,Moderate
21,80,86.5181111572803,50.724040664537554,21.463598308669297,6,5,Low
409,66,92.75784527369132,20.558875028302488,30.821198699125233,11,0,Moderate
73,35,25.906068868680737,4.1748046237408865,22.220547276700223,5,2,Low
125,34,84.31677910526825,0.8187085127006011,37.79084993399735,23,5,Low
279,19,34.542958034960336,1.7727628435617238,31.93023503619452,19,2,Moderate
329,54,15.155649006519598,0.6679790011015729,40.6792758118543,8,2,Moderate
496,20,83.30224329681491,8.828404524630038,41.836740086321484,7,4,High
210,86,62.249507117925674,19.15909716561039,34.462004473361944,13,2,Low
421,62,19.825780647295556,17.697721134583936,36.76173738476834,14,6,Moderate
237,81,43.68481317617023,78.94372753439174,31.476602996605912,20,0,Low
63,77,30.85319253893609,24.48048841671546,26.532861992021488,21,1,Low
181,37,71.31151118391773,10.193662668751928,34.443537690625035,4,6,Low
221,84,45.80746075618413,43.645003533420635,42.24865870461987,14,4,Low
465,74,94.03519505957465,68.63659643180067,27.500411412943137,5,1,High
289,58,9.92704840336356,54.24483014301401,24.432300791213862,0,2,Low
370,56,36.9513739522622,23.686567130836025,26.653108156577225,19,3,Moderate
323,61,48.37101503989797,44.9292927833164,28.061928906347987,8,5,Moderate
290,63,50.28201992734878,57.18847793603273,17.206830869331487,3,4,Low
475,69,33.43422401470731,58.248359389419385,29.953255213049832,1,2,High
481,66,70.63162241878112,53.32307642381511,29.82942744150179,5,4,High
234,56,83.72723661400772,69.66483398204944,32.653314829215695,1,3,Moderate
271,40,89.48473717800768,69.60843666752835,25.884600914139945,2,0,Moderate
209,55,77.45840391195736,46.31492475256026,33.39322787866769,6,6,Low
315,35,81.55221775759395,34.38850952889698,41.34648930822609,19,0,Moderate
232,14,54.54907705579959,51.32562364520798,43.66412971485492,16,5,Low
227,61,79.32994037841331,65.45696010963705,32.50836648423149,8,0,Moderate
256,84,32.3153518233157,0.45216838729477793,16.277728619109393,21,6,Low
357,63,40.863088589829296,79.35976072118808,44.07707991801327,8,6,Moderate
386,42,33.52217124366899,14.631501786335939,36.17586182688768,18,3,Moderate
72,59,47.06486019031329,37.619918852798094,25.078909456609566,4,1,Low
299,47,30.70216546147727,69.76237878742934,19.414731028911703,5,3,Moderate
429,36,91.54502980290022,18.00323192353595,19.30255836708825,17,3,High
236,24,33.156016520510136,38.143617912030656,20.032332184188082,0,2,Low
271,70,13.824008429984584,10.606574414494334,16.36717564841461,16,0,Low
207,30,52.41354494453721,31.606106031055408,42.06462565958735,13,4,Low
399,55,10.138917060065873,14.170836383440202,31.22304698482009,14,6,Moderate
60,78,14.948884967772248,29.09021990169256,35.99878238141511,4,5,Low
176,15,24.745045027662165,29.87713734341776,39.84325527804923,16,1,Low
34,47,46.791522489392754,79.45366316786662,38.746230189996005,20,6,Low
320,71,43.99258390781251,79.58504234430178,41.47816871186525,20,4,Moderate
84,71,76.97226758025121,9.182902292848993,44.01763867574856,22,2,Low
364,87,71.5527188495702,58.07750234626778,28.17211844225819,22,2,Moderate
346,83,43.368646459163116,4.139638373528092,43.51006400005171,10,1,Moderate
28,55,35.033378681806695,2.41536122697509,36.69869845028449,9,4,Low
363,22,33.48219056553487,8.426711539597145,17.120045709242355,16,1,Moderate
148,12,74.65955785646081,77.23885256063471,35.45349363637036,0,1,Low
155,15,9.686516559914278,75.26908383157578,35.60149978814546,4,0,Low
491,17,6.1539484559545246,15.514225622454436,42.17581691377581,15,4,Moderate
82,53,76.59899527339833,12.933786844296922,26.18796397410276,6,0,Low
158,42,47.943173839014435,19.24280692127576,32.54734500815454,11,6,Low
100,84,16.779302469821836,41.243759526011374,15.365626530352275,7,0,Low
411,86,26.200934113505113,45.57637056283279,24.96225726544008,17,6,Moderate
182,59,88.92535577876443,17.727474435155788,16.867311784763427,0,5,Low
438,20,82.35526780624082,60.52982304719562,30.65618918294691,19,0,High
308,37,68.88065452015752,24.76425355221206,39.5234295152086,11,3,Moderate
398,79,48.40027073035939,73.77050604235282,21.193280763872067,3,2,Moderate
280,50,51.829126357224716,52.53781651653845,30.823231366733353,11,2,Moderate
250,25,92.77200817555628,34.90809554428893,21.12025909532301,21,3,Moderate
60,77,91.91933994958585,63.192960136227626,18.62065403538721,0,6,Low
47,57,24.374214120725085,65.43317008373319,30.329903758030273,0,6,Low
154,65,77.99941096747864,23.238528448715492,17.37445862849183,2,1,Low
220,73,22.751839955031514,27.17716350688675,32.62063893413968,20,4,Low
347,68,24.218373009555624,74.87641229828827,15.940123820301789,11,4,Moderate
287,71,65.84837307481192,13.179283069061754,18.201449156051265,21,4,Moderate
437,85,41.45009887287936,3.372033357034736,31.499924564620734,20,0,High
52,20,88.83899663958682,36.324425808763934,32.74222238696741,12,4,Low
67,27,13.010876140640795,64.09679201949031,15.869607902812742,12,4,Low
426,28,51.037307672854375,61.733448504859666,32.20130364004675,20,6,High
81,64,87.66693773988091,73.5624503130266,40.155075759709106,8,4,Low
235,35,86.37022944315547,42.65605314952322,36.669485318818616,17,2,Moderate
312,15,19.08762920741671,8.005173725322665,18.93555311762396,0,3,Low
118,13,37.99739300868108,47.09511794688129,32.77423942690845,5,5,Low
191,38,60.72092600420266,62.27164914825693,35.1675750022264,22,6,Low
379,68,19.345539629426195,7.466249621586112,16.116936052568754,23,1,Moderate
233,26,92.12199548411648,13.81259208780718,40.66043006050868,4,3,Moderate
494,52,87.32743958548943,0.9832528924536721,42.1880219186949,3,4,High
54,89,20.025516113102228,47.49220635574483,40.51356820086776,5,1,Low
468,75,15.903991513488688,70.93875135567235,39.7389440396734,2,1,High
246,43,12.686763452743877,53.65306528016796,37.3489559538268,16,3,Moderate
120,17,86.8499297632968,78.56320700727856,34.002960938458806,10,3,Low
450,22,22.42614288159147,5.042692199980925,35.35881014964755,3,3,High
481,17,42.46564356899192,72.2400868121197,39.19185880004949,19,6,High
150,74,45.39662290868027,65.12546299093445,34.87495375083914,0,6,Low
276,52,58.91099397922108,25.139321639960393,24.83180870046213,3,5,Low
24,48,11.456180937268247,77.88212414698015,26.27883306484062,22,3,Low
237,68,25.408275566046434,23.0350198537132,41.91172405116876,2,5,Low
274,53,88.83413482270335,71.14437790625747,15.513662573914857,9,0,Moderate
417,18,86.75690965417125,70.45988616593516,35.96461743732846,21,2,High
378,46,75.3161582665123,60.612609328237795,43.643326572756465,0,5,Moderate
302,83,6.746112105639389,45.07763790502815,36.18684509873921,3,2,Low
412,45,34.43060916464919,9.600219969351045,44.81735964695346,18,4,High
226,37,61.516286180861705,42.55773875971986,35.62634716584992,0,0,Low
34,51,29.767119059612813,28.543700452394766,16.030890876505833,15,1,Low
365,52,86.86280255483996,63.37736265242814,39.81029644940771,18,3,High
61,51,62.05005156491977,60.65033651974759,23.53889735817957,19,4,Low
399,75,11.471604558480104,72.84900058980841,28.381716769933227,20,1,Moderate
480,64,86.81050299521327,1.1864129945366297,24.36275747721246,21,6,High
198,81,91.19899923586003,64.72825734584369,23.056623186290384,17,2,Low
82,57,11.994117655255295,75.0769642499735,27.94217111009356,1,1,Low
371,31,52.91242113751834,63.14403592865201,26.362543453220212,5,3,Moderate
250,36,32.302785399275336,10.415556789629337,34.00015745527768,20,3,Moderate
260,76,40.35551688332621,6.502328387271019,39.394536029625314,0,5,Low
71,22,21.16860961598077,1.6676191846160648,23.91265959561722,18,5,Low
115,54,57.02648918111713,50.299618066245685,21.411634584660522,4,6,Low
407,19,91.21814179240016,50.37381214879098,35.006858126110274,1,2,High
241,18,50.276534024444814,78.95309713745698,35.10960197492345,0,3,Low
426,63,12.462312325503305,31.84345392832766,42.03393717858515,15,0,Moderate
250,36,60.80012001296675,26.55250279179974,15.478370593599326,20,4,Moderate
256,43,35.620069500613134,49.9539941747514,40.5912198634953,1,2,Low
162,10,82.0332670632168,66.04869380060751,30.630065188450708,3,2,Low
190,41,44.12103334848232,74.94191596184015,33.63906267516296,2,1,Low
48,80,22.355564804802103,64.24993329432309,17.741143216842442,22,2,Low
55,76,22.199506042203044,34.13391844926438,27.97844798616137,16,6,Low
32,29,74.18877626490443,50.79313882496513,21.819072217155714,14,4,Low
179,44,28.90288384766239,68.50394613728936,22.626750902475273,9,0,Low
346,87,74.05100547433007,39.24877506493915,30.12285344028082,11,1,Moderate
206,26,23.529857968993944,17.334931496431416,39.37367851209337,11,4,Low
262,27,33.95177318311785,13.577875179829837,37.31342790434569,19,5,Low
105,54,46.893827519572945,0.012619566244538305,32.72999877257861,6,2,Low
303,62,89.88762647241056,57.45903959850274,31.18254578260401,9,6,Moderate
85,77,88.85582822784421,8.88777670767924,27.8191812970347,4,3,Low
189,74,23.618468788005902,19.507127975675232,44.18129920684159,19,5,Low
64,10,37.239713711876554,23.830106521823467,31.805776627027,19,3,Low
81,67,18.44594496083951,44.830388810941464,22.618991949366663,10,4,Low
460,35,50.898657138214745,31.83658218366154,21.902723761201187,1,0,High
153,29,46.452429562519995,53.97391936185294,33.340590923254254,23,3,Low
303,19,86.06841462056592,4.451092746296217,30.684825819327862,15,6,Moderate
47,68,88.70048400119654,9.915135541155156,15.230934088641384,11,4,Low
127,84,39.52106519065629,39.93692028266133,39.90196116587338,15,1,Low
63,50,49.25641487170905,26.957183027746385,36.12367062697304,3,2,Low
359,14,85.66126242315198,23.665069020108778,34.85487869034311,1,0,Moderate
305,74,77.60370269705552,5.362246323001818,17.06341973092977,9,6,Moderate
465,26,5.3290680210184345,71.65753397984011,25.861675505174745,12,6,Moderate
350,31,33.80536077652242,55.34548689000406,43.061467821983584,22,0,Moderate
147,50,42.95968177425133,9.72945254557195,40.877677240240914,18,1,Low
367,77,25.674465531490853,5.203676618971249,23.566288136086,14,0,Moderate
492,78,22.961445430634488,77.98980267449944,19.71176652297416,22,4,High
250,20,8.40060559361117,54.49380403516039,28.472638715057315,0,0,Low
209,65,62.90327525627845,33.39648568749932,25.674911360029824,16,0,Low
244,60,28.625926143484907,56.13848326046279,35.46679130117973,19,0,Low
404,30,9.711246058818178,60.50654291841273,43.99304430252959,3,4,Moderate
396,85,25.788137947525726,62.39697619110235,25.890043499476846,19,5,Moderate
302,35,77.17225575525138,38.230184452244615,16.86672517956726,8,2,Moderate
465,28,81.6340263481892,34.39062064998784,41.92842025027156,5,3,High
140,69,48.47596206739724,0.8822467415120272,16.138491907196123,2,5,Low
135,80,42.44636033678176,74.12456921134704,43.582976914599996,21,0,Low
480,56,93.00683241516036,48.26463027111544,34.9373828402712,1,1,High
252,80,23.05081936292629,16.25231497519745,43.250676253258476,17,6,Low
278,35,24.382335456914763,73.56827355371493,20.989790599469348,22,1,Low
378,49,31.268045933275978,73.19455214162372,16.22099385761423,18,4,High
217,14,20.54815864529786,79.13473314928767,29.646299348294754,6,2,Low
475,30,39.142903838376796,69.92452505111831,28.518702437103755,2,0,High
430,87,86.97508042907785,79.82275102560519,24.944768197646486,17,4,High
156,13,60.38130565657168,19.57489504986181,43.72969423166093,19,3,Low
337,32,42.075189375103726,67.37996681593873,39.677511964842964,19,2,Moderate
184,24,89.09697151140934,65.84226470366116,34.8474606412678,18,2,Moderate
244,17,9.361780922824009,18.4752287376587,19.885748749134834,8,4,Moderate
326,50,23.924856011167524,7.875003920079262,37.02970224655574,15,5,Moderate
253,28,55.92997445915831,78.35364109420797,36.81037364099172,5,6,Low
191,55,60.399736087386124,23.68196412164883,27.752045208480226,20,1,Low
171,37,8.560175590635183,69.67134323742448,42.74357729142041,11,5,Low
482,77,41.2734882116419,0.33017237396831156,20.009336466870312,5,2,Moderate
334,24,63.42385683477855,1.6819845775681763,23.020126872349927,12,1,Moderate
393,46,67.82634917630614,37.26970469570947,16.89673017751901,23,2,Moderate
179,10,62.43259122646423,19.097174714805085,38.86352874532763,4,6,Low
115,76,33.85069019248321,55.187302674877145,33.65278158286192,12,2,Low
491,33,13.416811123811856,45.24514604543634,24.448209170437487,19,2,High
252,36,43.44012017774007,6.198863796039316,19.914409907829462,6,3,Low
199,49,16.587899363124993,13.010263705257366,16.20443310086221,11,1,Low
132,72,90.28612926686004,31.043941604673144,20.0023670587781,20,3,Low
337,70,47.765377942036544,14.848325116434653,28.598539390129744,3,1,Moderate
461,45,33.55332569211808,63.377787779514286,22.415309070318184,4,6,High
71,33,73.96736640070101,33.2856188442624,22.769465322959,15,6,Low
287,33,49.81537333240375,7.474549347399941,41.267291000031435,3,3,Moderate
314,13,32.9030621611205,38.74743218176999,30.454130203833017,7,3,Moderate
405,76,78.07709681517215,7.2670544849131335,36.877559193852434,15,3,Moderate
406,43,83.04369359010097,10.314984433585375,16.071328470844293,7,6,High
132,66,65.57073496598093,19.16878656225642,25.954900670340862,16,6,Low
120,58,9.226798016690056,68.76221641979919,29.375080421863252,13,4,Low
132,62,55.96905921498789,73.96900258663776,20.59250565630554,11,3,Low
459,32,73.69654207975535,66.10061834656553,18.60574624336616,2,5,High
100,78,17.285271087522396,26.72617739342778,41.10911335499527,19,5,Low
206,62,25.5803676246143,21.795715288706532,43.1829488129939,1,2,Low
132,71,84.42455945613229,43.93245526321913,17.36420094136222,12,0,Low
21,50,6.810954966776663,57.74825284264899,25.470561376273295,20,3,Low
149,66,72.74544240433784,79.46982305281398,43.748568844334216,10,0,Low
239,69,47.63959632629806,10.525656950314097,17.494851993973946,23,0,Low
73,63,45.20949429556462,3.9433599219043547,34.30924118636179,11,2,Low
362,79,5.638687924539846,55.54847111962168,44.166641129010166,17,0,Moderate
243,66,78.74584078698435,66.57806268031244,44.346710057441236,8,6,Moderate
244,19,37.384241057290986,67.70790238931386,29.136699927112296,6,0,Low
404,49,53.668906817048864,54.27708392617285,19.88247323347142,5,6,Moderate
422,16,65.95706177020935,76.32126432953497,21.062529449323165,23,6,High
145,47,68.23666187941242,40.88038108356695,41.68804185373184,13,5,Low
149,70,91.03820529434651,73.105183866897,42.35049012989208,17,6,Low
72,12,52.82059579129482,77.42497095932184,33.23638931620664,13,0,Low
191,60,40.97475958769848,67.77259656024862,37.985291984097344,4,1,Low
237,56,90.83332638425371,24.78068506068965,37.19793754411225,19,3,Moderate
179,77,62.7899211522969,15.697252093623622,34.854647939673214,23,3,Low
217,85,31.833532064890004,43.849605198545476,39.81830864615817,12,0,Low
435,47,16.381782086321405,36.24118003041508,35.56219869120963,0,2,Moderate
266,45,80.82990513186631,70.22066737541864,31.02006917242498,11,1,Low
343,50,37.59634425147364,8.002533685372297,22.108690877644705,18,2,Moderate
458,78,64.4422749227988,20.61920490492149,37.31664432355857,9,2,High
222,22,47.37347774293083,60.143915561496684,29.203136035148233,23,0,Low
203,67,22.90368018155345,7.59893159818497,23.843750520225278,4,4,Low
142,59,59.15179477584186,25.661153121736014,39.05838827225326,19,0,Low
420,39,10.461476205561409,30.97243152431865,35.90140801059085,5,5,Moderate
274,71,42.2008213884073,49.807503725015195,43.120186893741,11,4,Low
313,34,54.195344569730395,12.650611657549167,19.96324920056633,20,6,Moderate
299,36,44.24422767067212,68.84835922797676,34.475678539094794,2,1,Moderate
344,60,72.38049577258917,35.80337883730194,22.32718404264528,13,4,Moderate
391,87,79.51324590907812,73.36173695044452,42.107489559049256,20,0,Moderate
117,66,74.41187666298602,37.429593090714526,17.98498242769847,3,0,Low
217,56,8.49316530306219,22.00322071525867,34.68485419334631,16,2,Low
489,48,22.4715893401375,11.34630629501399,38.7325716458409,16,0,Moderate
414,25,53.29467583373969,0.29960757690278506,25.647535210941214,13,6,Moderate
259,31,89.13398363994212,42.57259879878685,43.624142381514275,14,5,Low
163,63,80.14610975469051,8.572535754153874,40.52192053758112,6,0,Low
116,30,80.82810575166215,31.338221090494258,23.838548990547103,3,3,Low
220,81,32.288737438370745,47.14174089896694,15.226232781479961,16,3,Low
143,25,43.65031073708323,22.054871752216023,23.899715283541823,5,2,Low
206,68,47.36353525843437,14.01794338928922,23.439314114122276,10,4,Low
345,40,19.163442501491936,61.97772980874733,41.69893822502727,11,4,Moderate
483,51,7.796131722001069,75.74329378252965,44.01363534764243,14,3,High
368,83,90.22126095144652,8.03523342895728,17.11319957910781,11,5,Moderate
278,41,26.664132709715606,12.447225950800629,29.1388448559995,10,1,Moderate
167,68,26.59540133512682,76.80101258021749,31.449959955893874,16,6,Low
271,43,12.504114839188357,3.022737744979702,17.7873498398911,7,6,Moderate
462,18,88.56569767494007,78.21058692403778,26.324931274125674,11,6,High
439,20,57.17634034457948,0.37155864679910167,24.512472521788517,8,5,High
422,19,65.03331714128186,69.8934924521065,31.08169062981262,10,3,High
365,26,87.04191985367473,24.586014479019962,34.83572699195814,2,6,Moderate
470,77,36.10581520107105,75.08710865418372,36.104553314897,6,5,High
166,57,60.93565800242757,25.355623090846837,19.102650708401626,20,1,Low
167,61,8.491950925599872,52.34450572272448,39.38843105833864,2,4,Low
371,34,21.80952754080164,6.402605581274932,35.35626089372277,20,3,Moderate
218,30,79.81212245809482,19.38638491629912,41.67224750240159,15,0,Moderate
327,74,74.00915207045021,61.89434771834006,28.48008178306302,9,6,Moderate
436,72,36.55784223114322,42.29486829430557,41.816692881665745,22,1,Moderate
443,60,38.912956499679126,74.23752494296357,40.97322367068226,6,1,Moderate
147,45,53.01989901982215,34.30011266730834,28.15227997077809,23,1,Low
58,75,5.021690421662109,69.58498926511385,26.434299458789358,19,4,Low
357,24,26.71199024342251,35.916434998259,42.984360449107704,14,5,Moderate
379,48,23.7408627747393,78.33986229615883,36.45494203615313,20,2,Moderate
148,79,27.54346520747871,76.78675051191014,42.84736039314227,20,6,Low
286,10,77.53152582800972,26.330936444486426,38.90924336687439,9,0,Moderate
495,32,30.170647089179884,70.87389363334425,33.27892317874243,11,6,High
460,48,22.236918984513334,67.80890993725194,18.475583310112935,17,3,High
492,66,50.383711471372834,16.854431786205026,23.744420177372955,22,5,High
453,43,82.90805327354587,49.94323206266158,44.06527221295175,22,1,High
170,50,26.72147334537499,5.814585247185189,24.582662961426134,8,6,Low
434,82,12.068261851351883,66.93685764667693,17.797646093561124,8,4,High
497,22,37.07642622646982,13.963670680279723,36.2266006775796,3,1,High
317,79,72.288664210848,5.665176110861161,37.02012763631053,4,5,Low
118,15,54.562149022531514,32.0175276431049,23.563731608614525,6,3,Low
282,61,78.51140326169127,46.15377108797148,23.930159380389114,6,0,Moderate
271,12,91.36329328483106,68.39335668478168,29.066789565263516,10,1,Moderate
163,72,76.33962290764553,77.93940204173892,15.653668492867666,9,6,Low
365,58,59.3422770959378,35.15940100558909,38.67969031083491,10,6,Moderate
131,85,49.400742924714244,4.835753838821617,24.51266361822377,23,4,Low
79,56,8.606217771344,59.92924632206965,40.61289306005933,23,4,Low
388,64,93.58897809326372,45.21386049791499,39.07891264800101,17,2,Moderate
21,73,39.51330103175383,35.83130758755705,34.84206099356349,11,4,Low
404,74,18.700539252518013,24.741510303375172,24.74624601297866,15,2,Moderate
323,76,65.0037969856811,40.19188222748285,30.4894968498351,3,0,Moderate
273,24,30.58594601859134,27.094368356562477,28.34487772793877,16,3,Low
159,41,57.72004438379429,60.56094941978883,25.166456587460225,16,2,Low
472,77,57.80911170601321,43.511495719411286,40.444088679095344,20,1,High
56,27,45.11568388125823,70.14782193232895,29.505212237329957,22,5,Low
179,52,80.25067539905383,43.483513171955366,39.981692933914395,4,6,Low
28,44,28.84703553998987,19.060993067194403,18.156554224254727,12,1,Low
252,87,45.37693324559608,68.08735057857156,19.23074365801007,2,6,Low
118,67,53.392291573187435,44.577523594403516,44.3196091533893,22,3,Low
166,42,64.72622486905696,16.5472830514849,32.63305387818269,16,4,Low
323,23,75.55746654550305,49.88062479649777,30.29309020497147,10,5,Moderate
227,43,40.53265545904304,28.617341195394204,30.694681894323352,0,1,Low
150,70,63.14422496869364,67.55244898336527,21.458063220985792,17,5,Low
423,13,18.55498577616672,36.26397909172343,36.56111848505919,16,2,Moderate
171,68,88.93832904882308,58.11530864859334,17.54341871189263,8,3,Low
73,38,39.47529257789032,7.642896610898973,32.199711393090695,19,1,Low
139,15,70.65692797787946,31.681947704187692,32.12306389757704,6,4,Low
180,58,6.830697369395988,78.6593149177919,42.42565272400533,4,5,Low
427,49,23.466842861432628,64.67682315817187,30.78548430314581,15,4,Moderate
135,74,48.83742898912202,12.795264189354292,19.111880879225385,6,5,Low
94,78,84.04272209591119,22.221123958180407,32.182597777444876,12,1,Low
132,36,52.452963495560944,26.385264708508885,17.73982933095997,12,3,Low
475,89,88.6883434064491,52.02924483963565,21.113815058997652,14,0,High
439,15,48.54172069245167,60.55958075917245,15.933257525622484,22,1,Moderate
441,22,49.140418706235494,59.96212870463278,30.39880747378495,16,4,Moderate
123,73,15.77721096504787,40.78992450451223,17.535978458807172,16,0,Low
359,71,77.23906197369978,64.8656430270521,29.08183135593987,18,3,Moderate
273,28,27.226887122035624,34.96624662059801,42.98835105972432,9,4,Moderate
246,85,85.96512404350835,9.910445223644953,36.59284239057996,1,3,Low
131,89,86.97417982973565,45.15534733230506,17.322350226758793,13,5,Low
492,52,89.89791006867347,76.18411076808853,21.726294366265293,22,1,High
118,83,51.8207440192781,63.43949211140091,35.209872596803024,2,3,Low
172,29,65.93844063052799,46.29605181537939,41.84105583072551,6,4,Low
368,77,75.06642920554971,51.74445282792775,15.987557602918613,10,1,Moderate
421,53,16.791315678541906,74.44496216284581,39.373533951617816,16,6,Moderate
403,32,59.08614754977475,34.267423554796835,31.854416410149263,14,4,Moderate
385,11,8.086811117298051,26.51153111541099,31.382739758891777,18,4,High
357,31,49.78094750498533,78.17932520003592,43.73439548260074,10,6,Moderate
213,66,18.935841345820467,69.07545068082668,37.42933837790319,14,6,Low
329,81,21.463063336587624,25.84348676948819,40.50356604168336,14,0,Moderate
182,16,37.85428100233414,37.102447788873825,25.61986708634,5,2,Low
227,87,43.91934500448527,33.20625032062392,31.630921224852294,14,3,Low
464,65,61.085518207896854,11.927654293714713,33.462170322833124,8,3,High
188,76,11.69855765946641,76.62554590506073,24.647518210873955,4,0,Low
180,25,50.332258511370014,32.3449944975807,32.107443748421986,18,5,Low
87,60,21.4362617227791,70.02632661103264,22.099661384391414,23,3,Low
308,89,56.65776575285677,15.148498214453205,19.301270132047186,4,6,Moderate
417,81,62.36641510350651,43.82966485097758,26.21910777831998,21,0,High
296,21,55.10383308975685,1.9169108099415855,37.17868886239311,12,3,Moderate
323,62,71.44659594304768,61.13763870738468,42.48561444221663,17,3,Moderate
423,84,35.204831981681124,46.47311185970227,28.731421544946976,19,4,Moderate
403,14,73.85959324698177,50.047166677580215,34.28471064826295,16,0,High
411,36,43.94903735373743,4.137670604372277,18.091113929253012,14,6,Moderate
154,21,48.576604849033714,16.883066416689232,42.13391275656986,13,5,Low
214,26,63.32919145349643,5.946469788286413,32.05812640709803,15,3,Low
420,15,6.652254559930157,23.11314526430494,38.41014742875471,3,5,Moderate
147,14,63.85947992782235,50.195120614572076,38.83323602764182,16,2,Low
52,66,60.67266341649038,45.294878745390015,22.694415791043177,19,0,Low
195,37,32.88624050779519,48.97198572907122,30.875233595455484,13,0,Low
479,87,12.721485640954054,43.940101710231545,43.814392546829325,17,0,Moderate
462,78,13.184190492173704,21.84230365406875,17.68903634462483,5,6,Moderate
390,68,88.09013722867057,19.56059978755402,35.491496940886904,21,6,Moderate
489,42,67.03513891032534,10.964774682926501,43.86792234105516,7,4,High
394,71,16.439235239366635,67.92566999227937,24.017313241620663,8,0,Moderate
41,59,37.105085237801575,49.31834868329956,40.84343764213044,23,4,Low
257,28,58.32346945114368,14.920881000324782,43.009726362248145,0,6,Low
177,78,80.20145345815838,14.176750385699162,37.41258628184475,12,2,Low
57,75,8.929483584170768,69.84284812209094,21.939849369208748,2,1,Low
249,56,26.296981832300798,59.41846910106555,25.020021564797815,5,4,Low
384,48,85.0774091265842,52.75192639242971,16.07427883253192,16,3,High
70,77,5.824899516543484,32.549128603143984,39.94359702736065,7,0,Low
457,42,23.125919251449865,20.958045142281403,40.4883355953324,5,1,High
283,22,91.31217583756694,78.3560610490259,33.98130929898578,15,4,Moderate
302,63,60.206166186995404,63.77916600182402,25.575835537915538,0,5,Moderate
46,16,28.55042299737558,24.142337850902116,17.304330829197617,9,6,Low
245,88,11.029198495626284,67.80518370227958,37.59172829744728,17,5,Low
296,23,7.537220640249994,60.71455588917452,36.79578580829769,21,3,Moderate
305,28,27.027057167323456,23.76644399023987,42.37807565216703,13,1,Moderate
116,63,84.33372376300194,34.124228339331175,36.91596063016087,23,2,Low
303,29,42.43222888677585,14.876275631282132,39.86084826732005,4,4,Moderate
386,38,69.83000322493938,8.884195550248748,37.37863853711998,16,5,Moderate
467,33,87.64565318419619,57.82096262717574,33.920615649369495,13,5,High
472,72,41.723641544253496,21.40094858830933,27.808991825730278,17,4,High
336,83,22.214963393365736,65.60474925970028,42.06351925926833,3,5,Low
323,66,51.54061377712275,79.64869692115408,34.529057157224095,19,2,Moderate
166,17,86.7275318353869,6.129585114371894,26.950659658977273,22,5,Low
23,71,77.39369727239306,37.84281000669602,17.504078855458715,1,4,Low
54,38,10.92468590268384,64.16500474486425,23.721145677131464,6,0,Low
211,83,67.33155200698236,63.11607172329868,31.311802044904944,6,5,Low
68,26,56.470777021305835,60.79977266647748,23.269061100485835,6,4,Low
36,75,86.6716858711783,27.919594824152874,21.637060437537063,12,0,Low
191,15,16.02332751652675,36.308260454804184,30.821805422635414,18,5,Low
239,67,53.0632501884191,47.59746858731762,20.094610376872037,21,5,Moderate
177,78,84.1516424160703,77.91524668586058,39.012301899753105,5,4,Low
496,37,41.90214080675687,26.203781675079433,29.531044540279737,19,3,High
65,71,48.379542595958036,73.85151101734861,32.215883218879505,16,3,Low
392,50,11.341460990026246,21.548553454439528,19.421498027920457,17,1,Moderate
25,78,30.032927640401972,79.12595723789637,24.737290068881023,23,3,Low
118,50,34.20559842520526,53.621094946207336,27.30269049783459,0,2,Low
399,58,90.06102038703982,37.08091842868407,39.246384915495085,22,1,Moderate
252,58,30.440062448704314,49.07123424508839,38.10478569258458,12,3,Low
56,85,46.47818617426868,21.802493523216544,21.68932424363044,18,0,Low
299,80,65.41739812078518,21.933908600917327,33.48537244821023,15,6,Low
368,12,19.596503516708964,9.084363507479507,22.30369073315993,9,4,Moderate
321,19,48.7798148427687,9.124023816431901,44.64741467070736,12,3,Moderate
200,44,71.46851355283168,27.813739317512905,43.56371634392612,9,0,Low
114,89,83.01696917243595,61.02843823170973,31.897941615618613,13,6,Low
118,11,61.3633347196184,48.637693407853,35.96707715682429,8,1,Low
207,33,65.21481637852531,8.206764826481665,39.042911466259355,20,4,Moderate
135,83,16.365512532611206,68.17892199807288,36.629952601347114,10,3,Low
210,47,90.11988475217125,48.10941015920531,35.994860732472624,2,1,Low
272,31,16.931666973603413,76.86844614278237,43.75662023848584,7,3,Moderate
488,35,74.72056434636185,53.614837392896604,32.8936831892185,11,1,High
435,52,28.833468960048695,14.01398909633448,34.08908015457167,2,3,Moderate
490,64,89.02338293311264,37.90266898462578,40.47806251314543,6,6,High
180,48,69.79635854325316,51.87980780377633,35.096726035752205,13,0,Low
275,38,72.8432341680532,2.2611760839982153,36.98797866052568,6,2,Moderate
342,29,24.7153255753895,1.1928211323846316,22.025060585899272,6,6,Moderate
147,50,44.87359789716447,10.352240047885433,26.138007723452127,13,0,Low
37,63,60.60318751303578,20.13315480363766,19.41904037135679,11,4,Low
300,29,74.29762563859408,34.363929881654045,30.172963270044164,0,3,Moderate
242,28,14.356343832115062,38.99523790078307,28.67182202040739,4,2,Low
73,75,91.61287848090755,11.042208715031743,44.9148844283837,10,6,Low
77,39,85.11986034991004,53.871326329266466,33.336259584466276,0,2,Low
342,62,29.33137314460259,47.691044935722786,38.5933446958327,22,4,Moderate
379,43,79.04842187290988,23.557127907292816,25.020440122729624,12,4,Moderate
193,31,51.64915307358411,1.0927906748233607,39.9463599402839,23,2,Low
299,76,46.562583340581675,6.211833228263259,33.452548994630504,22,4,Moderate
133,15,33.29906952302649,31.335582040867152,35.90976994795315,16,4,Low
307,88,57.28717279684332,12.317948093254714,23.83292333848363,2,3,Low
450,36,70.6900205933238,30.145568491837665,31.459151750867314,9,0,High
361,19,41.983961446648244,50.25460836082841,34.021109202408255,18,5,Moderate
170,82,61.62972737074629,43.77899423034268,32.67284027449743,6,1,Low
469,57,67.93816290397734,18.49407065099154,42.45581134273699,19,2,High
146,79,69.00096353137573,27.505799300700193,41.948179934776604,2,1,Low
174,68,9.676948831806222,49.12249587589205,44.12952173630612,21,2,Low
405,68,82.37730251165603,68.8684022434759,35.022840180209684,11,2,Moderate
493,11,46.24279832885431,60.25707509911018,44.157423903770535,21,0,Severe
292,38,28.6174473526593,44.272002146673195,39.97434000095727,9,6,Moderate
123,77,26.75880567317134,28.983439865318896,23.124964210198776,20,6,Low
436,74,48.471270155955544,29.204102203344434,27.823070086538912,11,2,High
412,35,84.81483855220633,70.35338482115168,22.151773265670293,14,2,High
318,19,39.051282351438225,3.139486083243712,15.125914824916956,5,0,Moderate
265,62,72.4753172105189,79.03861155362088,20.64146259440726,18,4,Moderate
195,88,13.713685788849673,53.15003286812498,15.12181758860627,4,6,Low
58,68,47.84510319359556,54.491015925791245,36.5951538405147,19,5,Low
496,31,94.25175263534621,3.0398269843793724,27.766028931635987,1,1,High
189,60,74.33940225131033,48.442341991301774,24.377241812335747,20,2,Low
266,57,23.94756395965517,38.782244807235756,37.851626732855635,18,0,Moderate
45,30,50.129732632811965,8.46231255152536,39.97460323858935,18,2,Low
374,31,26.026228728370988,22.233760861548724,44.2589861594964,3,6,Moderate
325,39,41.86048345362583,71.2251564970921,34.26040754025723,19,0,Moderate
428,34,75.20756213614683,43.99907326927624,28.84586875620155,4,1,Moderate
427,37,74.41023337613633,33.0733260139127,24.157929048223075,6,3,High
32,74,25.529034011214662,5.814572467264876,21.66954627642679,3,6,Low
335,54,88.00009863393741,57.129722192184445,21.387778514478036,10,4,Moderate
410,77,58.331136448834414,56.2280658716826,27.275681241593965,22,3,Moderate
332,16,39.19318618658131,49.12348855780508,44.75359065863789,2,0,Moderate
55,58,50.174202270277455,40.82101169765194,15.025610923122098,4,2,Low
192,18,59.45641280939693,34.70275217658981,20.916176916930024,19,4,Moderate
39,45,55.390147866120685,47.46168743903938,20.651789472107215,14,6,Low
340,10,48.776453198256036,18.671636138272536,36.51358456596877,20,1,High
283,19,50.44395236804601,75.30072513421182,25.574541827941854,17,6,Moderate
419,45,20.877071938509758,47.10356233441836,28.71782413775462,15,5,Moderate
161,82,78.14596138742114,24.895395548350123,19.45872391409715,15,4,Low
479,55,53.75842879469138,35.97438807081258,27.14991116630843,9,2,High
390,41,16.797187553423278,64.45478311015138,18.09599435717508,0,3,Moderate
490,41,73.95413914245002,12.929284858423795,30.991298636657493,22,0,High
162,15,88.91995805396158,23.426849796820832,17.93815096148568,10,3,Moderate
111,57,90.25762093132658,54.360641818924435,38.71525143519469,16,6,Low
373,47,38.211595917005546,25.23913651857791,31.998051526214685,23,4,Moderate
341,26,17.196518620467863,63.40013454891728,36.719036213205506,14,5,Moderate
307,83,51.65596639697586,10.436278974188866,27.555491599580517,6,2,Moderate
234,36,15.134830641429861,61.01489363636868,26.44473879726682,5,0,Low
466,63,89.05886766613555,5.468137188045299,17.946266671465906,14,2,High
361,59,21.52216646196314,1.0074090133995828,30.71566821128468,14,2,Moderate
70,44,27.748927395604767,71.85788150657297,30.43506494571276,6,5,Low
172,34,41.59728741964734,46.50713735458389,29.04306133348816,2,4,Low
205,37,39.48480217032132,28.146151766944918,37.21555094047348,13,3,Low
82,24,76.51966031581001,18.60757095710803,39.97513200097063,8,2,Low
209,13,46.06851384958661,49.35086266086529,37.52369024845524,2,6,Low
144,82,20.36914340030032,40.72017468293906,19.315972284205316,5,6,Low
169,36,29.04889059374667,79.32782204239882,33.66178527846324,19,2,Low
333,35,50.82020466687698,78.65727893229966,17.409693170686,8,2,Moderate
77,28,18.27085256835214,50.80196529132877,35.838668623214296,0,0,Low
361,26,60.04901080814127,35.42964048847124,26.4551728968338,8,2,High
324,52,55.91725758960313,39.291277530772966,18.9749686879886,11,6,Moderate
199,50,69.32320847440319,54.59832529894896,40.86152570928384,3,2,Low
189,51,89.3934153841431,8.12596353883051,33.42025017116812,15,4,Low
345,59,87.10291049910401,26.268165904857455,25.641749038425825,4,6,Moderate
290,49,90.14680562619482,6.0217792802883086,15.921815389514986,16,2,Moderate
73,48,27.024403732133084,5.868860761353565,31.119307770108314,16,5,Low
463,32,16.840877597541915,15.6671393515387,42.69677635458698,5,5,Moderate
120,61,32.204903044680364,38.82026036745815,32.891394981070974,14,6,Low
283,56,85.55766554896832,62.78194569302315,44.149518138584796,0,2,Moderate
72,72,92.48481271611394,38.8396712932698,19.093533548113754,12,5,Low
79,78,82.33924559634283,26.83812884486958,32.04915313784511,15,4,Low
127,52,14.901594901478925,6.588239226940651,38.943751440192884,1,0,Low
24,57,90.26851982538139,44.023641854650364,30.766221933771487,18,5,Low
122,43,43.10222246157074,21.70148691865414,17.73199067962418,22,6,Low
215,49,5.837926168611832,49.1947342333718,32.486580046416535,1,5,Low
281,84,44.81543666733742,78.17501913059347,33.35213717527415,20,3,Moderate
384,70,9.146225270792083,8.905145718204013,36.86127745426057,11,4,Moderate
499,59,53.94901290450058,16.97003189775519,37.83634545496422,11,5,High
391,76,35.469862469334615,37.847563047949976,38.12318064631822,7,0,Moderate
369,71,47.60914402346439,77.48910522767436,34.90333180916898,11,3,Moderate
66,67,60.18533246688053,61.74478210159965,21.474335592559743,23,6,Low
374,42,83.19209862360383,71.85833545302641,27.12707267518438,10,6,High
330,84,64.57114188247357,26.69718787806343,38.28389917843196,1,2,Moderate
443,25,44.06439816303626,79.36307790228756,43.6028095020244,0,4,High
327,57,78.74850683033286,8.226625285132592,17.36840894509866,3,5,Moderate
163,19,86.5023923815819,4.2378324836880665,31.066100333915845,8,2,Low
288,47,15.77839697889775,68.44821016432225,24.375668139729193,6,4,Low
389,28,52.87396797975123,74.1811896165589,21.761816829504895,21,6,Moderate
143,45,30.606076376819974,7.24682860368814,30.174320505591453,9,3,Low
125,68,9.235507808925266,9.07419413966732,33.1826802166961,19,5,Low
177,72,65.16920256025868,2.653932620461905,15.293166942584438,13,6,Low
166,86,82.6493699713303,8.360605011417928,38.406197166035724,0,0,Low
164,55,19.661238902965465,16.75358534402247,39.596463937783426,4,4,Low
139,12,78.11722918615105,77.60612951280008,43.96532473703799,12,6,Low
338,83,81.80561601832474,53.42881777917444,20.41931199674085,5,6,Moderate
294,74,87.29063983998351,62.28424204148337,32.83657687082844,21,0,Moderate
111,17,28.87565801774472,62.09115229532177,27.798761204291836,16,2,Low
77,60,86.35577586709003,42.805899982337166,25.044835546660522,14,6,Low
458,82,33.8596479262789,63.799118217041375,31.96900354312514,6,2,High
365,15,54.71042121099526,47.66460259119757,38.47149279670651,7,3,High
248,48,9.545672374905392,25.16368780826861,15.691583503356304,20,3,Low
493,69,8.949297953186925,44.88880870147206,44.082003376985604,1,1,High
136,37,69.83358914589826,42.68068689076108,39.29644757117133,17,1,Low
337,63,45.00319801800119,65.87624430074565,37.534611109367354,20,3,Moderate
298,46,28.06631378322958,78.53817739053272,37.8116214654151,22,5,Moderate
146,18,22.13721464224192,32.883405233674445,26.671821288559578,6,2,Low
412,65,65.29581417732962,61.071254275308775,37.548616525344414,19,0,High
415,68,5.036138962280589,7.981040323050683,26.60310625808873,15,6,Moderate
148,11,77.53020522771688,62.146509555863084,41.961204887243795,18,6,Low
77,70,12.132464551693595,29.713352959458568,20.31667149919409,8,3,Low
141,67,22.23406534173075,3.151213031174933,23.770422726454544,11,5,Low
20,69,39.76127557691807,29.059694284974178,31.54012628097228,13,0,Low
258,49,48.63728657444933,48.85142007373158,24.576331076618175,6,1,Low
309,45,36.949560423254766,9.540013414517325,27.7271173588582,1,0,Moderate
115,46,33.86409484858645,73.92275939442037,29.77268068195784,16,3,Low
145,88,91.75244108658696,6.2137930618270865,40.690600464405264,10,2,Low
137,27,62.74217131190548,74.4005375866533,30.695767608260784,17,3,Low
67,72,7.108965983064939,56.57100143485492,25.873795458436817,11,6,Low
108,31,43.715831759988184,26.37697403313629,22.432084921053473,2,6,Low
256,20,83.75078297695732,31.260027816727458,27.260279363765918,20,4,Moderate
392,67,32.131056776960115,59.26474917861953,30.472083132431095,13,5,Moderate
404,66,13.510071029694942,48.11768807049659,37.383445716097086,14,5,Moderate
291,86,73.2546294430926,53.731433716395614,18.63146328517016,18,5,Moderate
208,13,59.54124487424731,31.133169321078398,21.648275647174525,9,4,Moderate
211,16,56.32812570438535,39.02507854460792,26.389620476060195,8,4,Moderate
466,70,9.821890364666714,79.18939872303147,25.811952153585437,9,2,High
88,63,17.64491088159656,17.113829639977418,26.752442628156352,19,5,Low
297,77,61.02944565918024,33.428494921770515,38.80563793920974,22,3,Moderate
368,88,23.704145731295224,23.345855005917386,24.724632088865192,3,4,Low
266,10,50.36630717735819,61.20892083518798,30.05694541207994,18,3,Moderate
470,64,54.03935174264541,61.121010053257656,33.7172109857369,9,1,High
95,12,30.515647124384547,23.39563687979167,21.965356505508154,16,5,Low
173,87,90.35826399873436,6.5112253306386325,36.560861614426166,11,4,Low
163,47,80.82176961520176,0.9146141337763236,31.41333959214843,0,4,Low
454,10,70.01361568695187,34.19604265939884,28.40343489094134,10,2,High
105,47,12.019447976846818,32.82700754686167,39.293520802149416,12,3,Low
204,38,14.551701737811749,79.07119029118904,22.304857775555462,0,2,Low
304,14,49.350321127846016,37.58416605581437,41.49527911842969,0,2,Moderate
481,83,19.464201427188712,20.51346956603365,31.831462061001112,20,3,High
239,30,93.04389171765267,71.29835528251739,33.27524638138975,15,1,Moderate
88,80,19.26682106246685,39.28543597228628,41.25176892506828,6,3,Low
66,76,48.87210519175766,47.934050816846224,39.527480635480075,22,1,Low
113,56,37.770895115735485,7.653496834257014,33.046862064657006,9,2,Low
257,44,62.54477793086882,30.633312586381926,37.59563111544522,15,1,Moderate
465,77,16.61327680004824,75.53789395790294,27.999584706986905,0,5,Moderate
472,78,43.728478523815184,47.16043073403404,31.421332604992386,21,1,High
223,10,29.72345295264293,27.560148411396934,16.862104101255333,8,1,Moderate
419,77,84.89763722045193,50.05337445052745,17.695737540001403,5,4,Moderate
237,21,8.652714092122558,72.8328871662493,39.88276212558996,14,4,Low
493,69,87.23547446058133,21.919248037807204,16.7901496704749,3,6,High
451,36,79.96947246977004,40.40933747765395,20.08197376897822,14,2,High
360,65,31.781364479673393,76.69525231294043,38.87497976851324,9,3,Moderate
58,32,76.03615892093943,13.791691463876212,15.034378518847689,15,1,Low
119,34,7.80922043048728,57.57311404773692,23.47212986537593,12,5,Low
308,30,92.01789952640543,49.15848065623859,32.52115973479866,18,4,High
273,70,52.39354483308104,54.374010491250786,32.8634979440789,19,3,Moderate
241,72,32.295292345890076,28.097570453405574,38.31458724688421,3,5,Low
376,61,37.632489133520934,25.110349878701193,30.177787634765114,19,1,Moderate
42,34,10.976481811444764,54.73677364706964,30.28205608592911,21,3,Low
269,64,94.04145626378353,17.243462808363628,36.75931726622102,15,6,Moderate
29,55,8.536275063562321,33.57237958872041,29.958733897988505,10,5,Low
265,41,63.94164108330731,15.05397168423344,33.254732596908504,14,0,Low
344,64,44.846233493581245,0.6643872898663794,41.933222047651526,10,5,Moderate
119,14,90.40245963698436,77.60458880304556,27.04353022837116,22,5,Low
309,45,27.139976627611563,34.536238292513524,26.553752127576665,10,1,Moderate
199,58,52.88781415442102,77.54796915358602,15.10646975594314,2,3,Low
242,67,48.412058772447764,11.225881581426087,33.40278784563696,23,1,Low
413,48,68.25797996450912,46.98934235659888,15.89315722221396,23,1,Moderate
269,89,11.120920875717847,16.077922623299166,30.124454691849486,16,0,Low
166,70,22.441021702101935,63.20593015706198,39.127013670966804,4,6,Low
461,18,24.310833808356485,62.69623910087802,31.497632115589894,12,5,Moderate
115,15,71.43356793575207,9.008571923144943,23.08908495650028,9,3,Low
276,44,22.022482669406607,72.96515623011113,38.585052643481134,4,6,Low
344,48,56.6142587501879,15.57037177625797,23.091510122476166,11,2,Moderate
23,31,24.371943845085834,49.038187327148826,36.99095342837696,7,4,Low
35,50,82.54624550755806,78.85068960701632,33.30775365570694,23,6,Low
299,14,89.79669090406746,70.5917227813091,20.099888902440036,11,1,Moderate
355,51,51.66436774480164,76.52511428489352,42.15401624532557,15,1,Moderate
266,85,36.70779957882604,27.407901697449553,21.01931048871587,1,1,Low
277,89,26.065199751574923,8.446051377557069,44.687612224220096,2,1,Low
495,76,9.48029013707394,15.067749863156008,15.219314659648223,17,4,High
403,39,29.165006857774586,40.03959160612911,22.904501314287092,16,2,Moderate
179,66,63.88122019507861,63.45837426186577,20.995808918225965,1,0,Low
494,82,53.025523817828976,12.012291534710018,15.41980230511388,21,2,High
359,38,89.96371504528346,52.77852258086057,36.97103700441947,11,4,Moderate
171,46,40.66495362425305,25.88620832316095,35.802774062987886,16,3,Low
415,22,67.4477008095555,27.29616579137228,38.77052893064791,5,0,High
197,41,49.039047272760925,52.95341841263411,22.700956393936956,16,0,Low
182,55,51.13185943317905,37.359953562657616,28.330055012489098,1,3,Low
399,32,29.099688314370574,64.96266344207952,34.773405648646424,7,5,Moderate
52,54,45.94556991577997,12.473480773026164,28.19305511664431,13,1,Low
436,26,47.37064973114365,63.195861581363076,35.91977310953747,5,4,High
464,75,68.59782695740405,5.1388198445936695,34.019202253213265,8,3,High
198,15,89.65759992675025,15.5243104196484,18.439434090665294,0,2,Low
446,27,34.638914973425386,52.49197716025323,38.43129363230904,4,2,High
120,31,8.79804217231686,68.3940525208857,36.62029077277555,6,5,Low
287,42,49.666561295057576,20.214370219147924,34.67503162852216,8,3,Moderate
342,39,54.001519893425176,26.175328466313033,19.65280818813007,13,4,Moderate
84,41,20.159649601872374,42.969659862939196,23.03989346386091,8,5,Low
436,51,73.441814564846,16.925824519144186,26.79531094762801,3,5,High
187,87,93.64361975973425,64.89250092700046,23.3978886496933,19,5,Moderate
349,19,90.11972453076149,61.89093160046086,21.834308720283943,14,0,Moderate
62,45,22.739543494128696,11.623336957262529,39.16073010485327,3,0,Low
63,43,83.78269159106847,37.10637854533057,34.14696739080607,2,1,Low
304,82,68.40442727705162,61.98622133236971,31.96416394650751,23,4,Moderate
416,37,45.84619074262204,26.986362488273183,21.778581325597614,20,2,High
31,20,53.65498948922561,50.64854581741854,42.54229686805924,22,2,Low
114,87,81.46401574842123,4.017049716605818,20.735491172919488,21,1,Low
321,48,48.212144567453585,48.69510084234544,38.848527984740315,13,2,Moderate
405,56,38.58866321946142,12.21223840004856,44.000180001158796,8,5,Moderate
272,28,49.392274372338726,66.4466660091561,36.81278187672709,18,1,Moderate
261,24,57.12168236315442,28.43595708643828,44.785763255538896,5,1,Moderate
54,37,22.016988840051397,22.524309018255657,34.5315335093384,2,3,Low
234,33,86.08169572402916,67.2711181369188,21.52381030811685,17,0,Moderate
356,81,65.67682539466524,4.0115218457448165,21.11458481149534,15,4,Moderate
109,18,61.994202560374,31.728703946747583,24.73692852766429,2,4,Low
283,56,13.954660356257433,29.600283246002512,15.213900606630181,1,0,Moderate
112,42,59.375654435533264,22.784029939964068,35.45095410248504,1,5,Low
429,71,15.88645960146431,72.94034656011816,23.06003353883483,22,4,Moderate
477,28,12.082790767585916,60.07427148133778,39.45549696878258,9,2,High
109,76,52.4579806078154,5.113853135355102,25.77517951677901,14,2,Low
437,83,41.25069806418455,57.17499595479633,29.39869480389938,2,4,Moderate
134,49,57.99292431406009,42.183930650303516,43.970667496811075,7,6,Low
124,56,13.029995125151473,72.06943155212633,22.265163691418312,17,6,Low
410,74,43.788475656253254,25.035649387868677,36.63762292289219,10,3,High
215,38,20.73080435406422,45.93295996876663,37.653533679162514,6,4,Low
333,59,93.83900773317049,40.060421979278885,21.629944725709056,18,1,Moderate
133,22,55.503519119165695,39.16487249820846,30.02990509836587,6,5,Low
94,10,66.86931748467805,36.48843196137701,25.50605775938905,1,1,Low
432,43,34.287645261434704,16.4503580425825,38.157187302002676,5,0,High
395,57,13.526502330140973,60.45679379939142,33.67449957087112,4,5,Moderate
439,86,92.82837765051829,36.10688261914309,29.27949164581641,13,5,Moderate
236,57,30.76331318448649,76.68130200020846,38.38089795143155,17,2,Moderate
296,58,43.142736665621676,20.864674175422103,22.05466710025251,3,5,Low
268,73,63.48775295323175,54.61950717016329,37.608656417530774,3,3,Low
183,70,7.222756791750015,75.25736637112868,40.961229362784735,23,4,Low
413,38,77.92332174655583,53.0766658412874,41.35864790422717,12,1,High
376,48,53.292037102575826,69.70183260939157,38.51020779058811,22,2,Moderate
476,35,30.039546836193992,66.19847678056048,27.240425009948062,20,6,High
427,26,10.544718676322233,28.809417239120307,44.45424068153481,0,2,Moderate
211,80,19.62485739269973,48.00991519515972,26.3878093146732,19,3,Low
246,22,85.55304729680932,12.500907184908447,34.15876197307277,4,3,Low
196,78,66.7421801542302,42.84207061564796,19.832225342084058,23,3,Low
118,35,27.491154947320087,18.433757745146977,44.41346695909178,2,3,Low
55,58,10.904068845052658,59.49894519619565,36.11957765593989,20,6,Low
485,76,67.15537811479726,42.244673751369966,37.60132635739105,18,1,High
115,16,56.51669533709886,32.89818901053284,16.97330110233434,12,3,Low
171,67,41.40675720124115,21.503767693358206,37.90253442662015,6,2,Low
170,58,37.72503042710574,79.89587854730294,38.241702876618035,9,2,Low
209,62,24.513284833619746,5.736841670794615,35.153181790866896,2,6,Low
243,74,65.26501308837658,3.4848544457936015,23.75728841371031,22,5,Low
56,71,92.36012250144834,17.380592039509164,29.690701264826444,1,4,Low
287,26,20.81437212531433,77.68579669022557,18.313031139261494,6,2,Moderate
388,52,58.740495801395305,78.33905346559875,29.14761199377458,8,2,High
202,34,43.17665501713786,52.394218781770874,22.314715578012144,20,6,Low
32,12,45.20198495701984,70.40853337651238,25.47290959482246,11,1,Low
298,88,27.873255211503295,17.11693846726363,19.878012252110956,21,5,Moderate
236,38,79.26213880952771,77.76336753412988,21.90163103240691,9,2,Moderate
374,41,48.6730043732517,11.422788011165173,17.29705925460349,18,0,High
380,35,53.906526697843766,8.090015054532662,42.59704099310764,12,2,Moderate
305,25,32.42848215175932,8.976923139781832,30.9123206392621,9,4,Moderate
292,34,21.362761910025476,45.85023386180517,26.90225913788219,4,4,Moderate
388,63,12.731934938253843,62.477952057444185,31.050876383063517,14,5,Moderate
81,37,69.27072268324243,29.333374229970648,33.848796854446576,20,5,Low
103,82,22.661085351907005,78.23167902289012,42.656363801080474,2,3,Low
387,65,67.10678187699179,34.75361104946636,20.3607885685894,7,1,Moderate
236,74,40.13388014422585,12.035884061857303,23.86657495905653,5,4,Low
361,89,42.41973208906863,37.27733985489094,44.27368009032344,18,0,Moderate
416,50,47.22597464834946,54.32297323379519,26.135789599455734,16,0,Moderate
206,60,38.09376573147889,66.5780624403503,15.676849522719829,9,3,Low
38,80,14.055797950033108,36.701463196527435,19.429304779114766,0,1,Low
196,87,32.86686290025612,47.4885460839334,15.790161052456561,12,1,Low
119,38,64.73609246245445,21.387576972708267,44.69769427262185,9,5,Low
415,28,64.92059613219838,51.67332211244112,23.36612546973669,11,2,Moderate
464,75,30.760187651599495,78.87775551602749,42.70628270808678,1,0,Moderate
252,50,46.409236390191914,3.9242858070235087,44.87658827279147,9,0,Moderate
422,54,22.410250521074374,70.92245365641342,32.99523663429343,20,6,Moderate
95,24,23.93348733768522,44.982600221401825,15.995889451966853,22,0,Low
284,12,7.074237956594667,20.167892764983996,17.44774891160781,0,0,Low
474,20,85.70718949169701,76.39117680074064,29.447671653236334,0,6,High
303,62,23.96359985674156,38.66834424471192,27.18516038734458,19,4,Moderate
225,55,25.478048924281698,26.53522013387085,33.18531917345303,14,1,Low
242,39,30.164128938061864,14.519810261667292,28.16543429134092,21,2,Moderate
403,66,16.46672645258861,19.55617682053297,43.02230547814453,0,4,Moderate
71,27,62.533659486322655,66.6279233273154,31.04219146240533,20,1,Low
358,60,11.762865785982791,49.15280074537327,35.81178184387326,8,3,Moderate
386,57,17.078218369371523,73.05964955906529,41.894558179274895,23,0,Moderate
163,75,63.028105393108355,18.557476172622867,19.40615627499622,6,2,Low
392,17,35.56945584332985,9.691085907912118,21.892039623555856,15,1,Moderate
88,31,68.71530440310701,0.4870024780472004,18.219559814220453,15,3,Low
118,15,55.168227020312784,40.6289630092795,19.189151976897367,12,0,Low
415,85,28.041905575536177,79.86455443055905,30.377519008026994,9,3,High
44,66,63.57451554403953,55.59722150549112,24.63537776902392,17,6,Low
455,45,15.46463122635926,24.671567357211686,27.695185185802647,8,3,Moderate
398,88,53.27693447720274,70.14868664209374,44.47469495382185,11,4,Moderate
488,66,44.34332945405312,62.53778127903678,19.701130433878443,23,3,High
72,58,29.10862245356967,1.2332132861231404,31.224362123942267,12,4,Low
170,54,59.36044979655501,65.34883844328179,17.96613465160953,10,5,Low
163,75,83.42002331062542,24.04214057907968,24.55488939791636,14,4,Low
76,86,94.9014229786769,11.973877166688087,30.825777710237958,9,6,Low
58,54,59.698649186908206,18.106467178965964,43.39895237896013,9,6,Low
128,88,41.423528689625314,37.48638435001112,26.73684663850449,8,3,Low
200,29,25.268639019458146,33.98943416544088,16.947200886440093,2,1,Low
61,73,28.138648045560057,23.110983949938138,26.64484343880951,22,3,Low
205,76,48.15094803347891,13.777465776562616,19.37223527621933,15,3,Low
442,12,38.054993115263834,60.97846317137354,21.899688398743358,11,1,High
417,63,87.24330703624499,79.20878269879337,33.54271869494971,16,0,Moderate
242,87,38.14659208901386,62.22332643357524,17.022715986110452,14,2,Low
141,73,38.610013203089196,23.6749574137233,28.941712687501123,2,5,Low
152,49,39.518106119057926,19.58471691297067,33.28384758032293,4,0,Low
182,68,80.29581893308922,17.41327008527506,27.655751771024907,12,3,Low
234,64,63.570948876221166,10.935605959122903,15.573790518711911,23,0,Low
240,71,60.27519652870034,44.106443975384096,44.565580707085964,5,2,Low
254,13,35.0728720145476,48.43202975626753,26.01347302021606,8,6,Moderate
350,69,78.61137591491955,56.44021285305098,38.357315607998004,18,0,Moderate
165,84,8.452747522013102,54.41706967469344,24.769394765623595,6,2,Low
258,39,83.37174551043019,23.386664902670596,29.250502709802564,12,0,Moderate
95,11,51.147490981453664,26.424880431747724,26.6539092783299,21,4,Low
28,71,40.84252113770715,54.52116283538703,25.27617688528823,4,3,Low
93,58,49.74505526459171,27.95581126269027,15.655541316233363,15,2,Low
461,18,65.0673977480448,17.00985516954504,25.800628135635105,3,5,High
420,40,6.148888386610762,29.946892295739165,41.6846997119859,4,3,Moderate
272,70,83.43966708124229,21.766732606238214,35.711800157810515,19,4,Moderate
249,88,45.20655727802536,7.065017697486224,19.362685772863195,18,6,Low
26,57,35.866986773007035,66.41111218213229,32.73465013868218,22,0,Low
193,34,17.44210090706514,68.24891113256291,41.76692579846615,5,3,Low
160,45,44.55188369225979,17.580024013350357,36.00102122894566,3,0,Low
187,17,49.669049415594095,5.18177596201614,19.460531770700904,0,0,Low
189,82,41.328202504413,59.10619498809436,41.034974902034904,16,3,Low
412,67,66.07940844442074,16.922290069073096,24.046320398665962,8,2,High
453,54,42.88068758833034,31.474839154948818,28.622284329370252,15,2,Moderate
302,71,91.5275820061916,5.1308201789906605,30.78428279067439,22,3,Moderate
141,48,58.934976604123264,18.101566780674816,40.515198131345855,1,2,Low
213,67,77.6730142086718,63.43218226637086,42.94822485442983,10,1,Moderate
24,73,14.842031279853096,64.35171575321615,42.88958633371668,4,0,Low
48,53,40.756216365131515,16.566785991016832,15.23862543835622,12,3,Low
184,38,35.31629313024374,26.873107608535165,42.65665456756372,19,5,Low
441,68,56.25341493229326,10.739073527499485,16.63160898004717,16,4,High
358,80,82.50021680552831,5.9338104227937905,22.97320970452306,14,6,Moderate
155,18,12.0504395985806,79.37373715587276,30.449635641834988,21,3,Low
384,15,11.531731824023971,52.44751609958713,29.39777067013182,11,3,Moderate
340,38,81.5285937341839,43.367720735865504,33.14129381662176,5,0,Moderate
361,67,24.156507743452167,61.23988003242396,29.383386862110175,19,4,Moderate
164,26,65.18779290048323,67.20617277501793,43.03127038921262,12,0,Low
346,25,53.85903191247247,64.5371814435782,22.21646544643761,17,5,Moderate
236,12,79.96042353985065,1.3231559431901285,23.220740821154575,23,6,Low
320,30,16.258001885276318,14.944631855239878,42.622138070791685,14,2,Moderate
151,73,16.680466915035016,52.392424169426484,17.302185412357687,14,3,Low
311,45,55.11365242504768,30.060747824317033,33.286824657144294,7,0,Moderate
89,71,90.17407880225338,78.59861208488856,35.45207856196832,18,6,Low
271,51,42.34979825336788,53.232383411060326,30.166251702892183,22,5,Low
434,85,34.424789022922546,76.52391269833652,35.82695636469411,13,5,Moderate
294,51,59.60203908780972,16.115718531663504,20.18263938035901,6,6,Moderate
464,70,88.7403740490528,69.11656224920185,40.578966983146195,13,1,High
383,22,80.32350495601614,25.708184465218025,19.200770684096568,4,3,Moderate
201,20,94.59352496598979,79.16518465902455,27.02437332947249,14,5,Low
186,63,7.031172488213938,12.615093765851784,17.257728039246174,20,6,Low
110,25,15.157233024148601,41.30718550706612,31.356332364522004,14,2,Low
221,17,59.85209870299598,63.42756270696975,35.09237422276917,23,0,Moderate
365,68,78.85187954004647,34.61139844832287,43.236649052858716,3,0,Moderate
38,66,30.67199080760899,37.446724815011734,37.18008587688003,0,1,Low
58,49,26.52899792307969,78.90846364045929,31.233087493624534,16,2,Low
145,68,75.82782194430808,34.02465202409226,42.97851051511002,19,5,Low
470,11,10.074366846790841,48.32576804792509,29.353105141226298,0,6,High
192,85,38.24443828243266,4.363172854012056,31.83616959296608,15,1,Low
160,19,50.522830033309674,67.3768064168208,32.88295583010287,12,5,Low
261,53,55.43138069152911,51.85344391836348,27.299391776597005,17,5,Moderate
239,20,70.57536411134991,32.32160822902508,40.154480716974724,9,3,Moderate
145,88,36.93611510875924,1.2935631963615801,20.555278165351773,22,4,Low
77,89,60.14159102071465,47.33350564748031,31.64526571114824,17,6,Low
167,11,57.68378805118607,1.0126262787329754,36.666997685615826,16,5,Low
495,59,54.28544905883724,0.0962891127214327,42.119285156297316,8,0,High
475,21,62.6434963827991,49.28788497194837,41.517551893028354,13,5,High
336,32,28.350425396126866,15.12136538676434,30.26220868290426,20,1,Moderate
402,27,12.618387822616608,15.351003977447624,34.29484353490025,12,6,Moderate
380,71,15.734450483576909,52.26172526661949,26.82713208387903,19,5,Moderate
442,71,25.212414438851095,4.295775035149942,29.04533288640601,19,6,Moderate
20,47,50.01781419705067,25.072444917964507,42.18797377719149,13,0,Low
406,76,80.6398475491418,11.954552171361525,42.92111979577422,10,0,High
480,47,68.11640078795457,46.414109583722706,41.86242174201059,12,1,High
367,76,76.01365437818424,52.941212378191665,19.151125854409145,16,0,Moderate
209,70,36.587806153348225,57.69086828792348,40.502520639919084,2,2,Low
210,10,41.418836748369515,20.418497353485236,43.45091193064441,0,2,Low
388,54,40.43136973915515,7.13998013092672,25.83749083720814,20,4,Moderate
428,37,22.268586596405136,6.294692555351826,30.559388682650077,4,6,Moderate
331,30,10.509499232921481,34.092123876057904,38.37285767438988,12,2,Moderate
436,22,58.182448354450415,75.6675527250172,31.86234412696946,23,1,High
441,36,94.02950150785274,17.41832273976197,44.80450565118748,4,5,High
136,16,20.014673445523655,20.539328107323946,28.67140095470485,4,2,Low
153,31,9.201633790934638,8.071104168468715,36.41828133622133,22,4,Low
77,83,75.15785136415397,48.44562191151442,38.77773420589632,11,6,Low
63,62,27.732740601625178,54.38982991577399,29.823012472753184,1,3,Low
192,88,79.66794248176355,51.4344966528608,40.70951417134127,22,3,Low
179,88,68.35430003310638,68.8904194435825,31.384637736215893,15,1,Low
192,13,90.11061833457241,38.91406680208574,27.349523904048944,16,4,Low
336,32,41.80345121810048,10.756563261365155,18.23471021555841,4,2,Moderate
322,79,64.57728555055706,23.15241045635301,26.802407290512726,11,4,Moderate
168,85,46.83693027319436,52.994397873708145,37.018093641998526,14,0,Low
99,42,61.75298275776891,49.04975789932479,42.638592350403215,5,4,Low
393,37,45.46390154069636,42.480250379436995,22.55038211580931,12,2,Moderate
232,17,21.976902178166736,54.63715349509498,25.65706551991508,10,1,Moderate
222,10,50.71076744030428,50.991268029863946,19.618829823132785,16,0,Low
271,46,52.57257812936981,70.50599115719614,35.72168682686906,8,4,Moderate
248,72,77.9543463434145,46.881310198263726,43.80565290029776,15,3,Low
183,31,71.1968635214223,62.28810869604452,34.228566595445265,16,2,Low
246,79,64.74124615472996,19.896572477317427,33.512295900186786,19,1,Moderate
166,30,15.204838599731529,54.25460676712544,31.60469791501302,23,5,Low
39,44,69.85546615973435,72.17552947061405,17.653672220566094,17,2,Low
460,88,50.02746407190633,30.85858623198666,36.88511479288151,12,4,High
421,14,85.46895824955433,62.32833498709173,33.061486306480525,10,6,High
66,69,87.78838407174885,57.98314409563483,34.84430306568861,12,1,Low
252,55,9.964093154160691,4.762095749745798,41.964332790822645,23,3,Low
324,59,78.8577404319031,46.52066476992579,38.51882361183054,12,0,Moderate
33,57,8.392765138040357,10.41514793606419,38.42745756463578,11,4,Low
162,15,38.04526631255204,77.3855337784473,42.81551306638043,13,1,Low
434,65,53.80699780589712,64.9126002160525,44.69804854388999,12,0,High
20,68,18.329071876441468,8.777904099769609,32.43848195883179,8,6,Low
392,38,72.16824313121691,9.740159811814273,18.266448480934972,13,1,Moderate
73,80,5.7519233754924715,47.55790839300951,28.773897233263092,0,5,Low
393,86,20.173914359063318,27.591133933854664,38.62803439384933,8,4,Moderate
278,27,57.271714686812814,2.7924687258487424,15.831759742855475,3,1,Moderate
163,11,69.29488058335632,43.33132062664425,16.70662315068447,11,3,Low
490,17,87.49787924245246,31.027607974867752,17.01473347148464,23,6,High
460,84,68.49469867411614,8.086119389739412,36.93107274984932,13,1,High
478,63,65.46013432293793,64.15363138047861,30.034998856895164,8,4,High
31,47,40.49070317155979,73.20614122230448,26.066938305617807,2,1,Low
349,57,5.115598297412127,60.5275147211304,18.16851135785208,5,0,Moderate
243,36,15.814333286205976,65.79378480130218,36.96720750617668,2,0,Low
291,29,53.109909028043525,17.31924538128939,24.630594316526988,0,6,Moderate
475,21,65.76168972599777,21.085836073488082,22.959722101940017,21,5,High
377,52,42.57034555068162,16.68220322393502,34.56957604660653,20,2,Moderate
479,70,70.76111103755512,61.20507450924512,31.770326777905254,2,6,High
427,40,51.967606579896085,75.83336631475976,25.87231925439905,13,5,Moderate
175,70,11.6758576034881,57.34697653871221,34.24462412416764,19,6,Low
392,83,22.281462587115396,70.51734119036448,23.136645611523544,1,2,Moderate
27,76,80.59984009195486,51.0959275906538,38.84490784812981,11,3,Low
141,44,70.24214719619955,31.012792044703925,21.879568509229617,9,0,Low
367,24,85.52857883112455,34.06092919442442,19.76513086146047,12,2,Moderate
183,25,15.580152420884291,6.025714573392387,38.47318228496625,19,1,Low
109,22,94.12002811535665,2.5165756196820865,36.236760920937996,3,3,Low
155,44,23.846604255494025,55.63804833512619,20.479169271053955,18,4,Low
205,84,6.060188865797781,35.07431136089445,18.48737258069814,21,2,Low
335,68,94.76806451481987,44.17720544437036,40.15197265460076,0,6,Moderate
197,30,30.296649690060182,44.612899809793305,38.297954465900645,10,5,Low
47,63,65.12175072613039,22.19006506666411,24.817721210989927,15,2,Low
239,84,20.901408275867468,38.071400866359255,34.745922246401,18,5,Low
376,39,57.220567897922756,37.66081773341618,18.724805596434322,18,6,Moderate
60,57,86.36314878091034,31.07417769822856,30.211429771430346,11,6,Low
247,44,33.81630506855947,65.65403067208564,15.561908761812596,2,5,Low
211,47,65.32285784399232,36.09312029500767,26.748056427646663,22,0,Low
430,40,21.911322991857485,48.29156196047903,17.245284644142153,23,3,High
466,87,61.23158588468527,71.64160963046609,29.254415404706474,17,5,High
164,33,35.280531663575914,69.2986898287138,27.65044940558683,16,0,Low
220,58,24.008743272915652,71.23377630233321,28.33155079914168,4,0,Low
436,41,33.18638456332717,21.600399717201118,16.35993906143982,15,5,Moderate
231,64,21.09569616570194,2.7985990646450265,25.84849023845497,23,3,Low
480,88,86.17244970540945,20.885343991626335,37.694515472997494,13,1,High
239,67,40.7468197685416,22.296587649656693,26.067431200608603,18,6,Low
259,12,27.07513744769306,72.74882613799744,36.455158578287424,5,2,Low
432,89,45.35670569143396,51.939418627037654,26.084361709011997,2,0,Moderate
416,78,33.8482550125846,6.536316768178301,27.69718324470559,5,2,Moderate
65,19,71.99773284319933,10.830287680888091,31.91676338487798,11,3,Low
54,34,92.40979206969449,12.454090043358033,43.52045810421247,19,1,Low
272,77,44.42302910278821,50.433739853513856,18.265813399399654,10,4,Moderate
409,70,82.49300599750164,58.83312204056025,15.98741305983521,6,6,Moderate
101,38,55.92767662036576,68.77151284523168,33.238715514301354,0,6,Low
390,28,19.151209858481014,75.25092406449944,43.472912667852796,15,1,Moderate
275,52,67.15604678732075,16.136364590915342,44.691693976641446,15,3,Moderate
216,75,51.20910474132381,24.781798777923925,29.524927421760054,16,1,Low
322,83,63.55458709268931,19.225830459586454,29.042448632552954,14,6,Low
428,70,85.07186713144985,28.70092539729102,34.34891312235588,20,4,High
469,52,44.63911135904414,73.17320859389996,31.669042716149093,8,0,High
29,34,86.10598608956201,46.00900535514892,34.022641728423544,4,1,Low
331,29,72.56021128534894,59.05535178595993,41.21998276613682,19,5,Moderate
305,57,48.97444332901863,39.20953889014256,37.38918508462828,7,5,Moderate
261,33,59.289992209216734,2.3086330668899624,29.906321750603865,20,3,Moderate
270,20,34.30230192671103,5.135638879825146,28.855933770005088,0,6,Moderate
384,64,93.52375697648968,43.03384250143086,34.18805245539348,6,6,Moderate
24,37,65.06160467453563,57.50312278560205,28.671188532608923,10,1,Low
138,78,8.94621672469669,17.22644220229852,28.733380537969197,19,4,Low
308,72,34.39597151732079,57.75276591938432,15.489177053595144,20,3,Moderate
393,68,61.098299038315176,64.853261878681,20.221924122219253,12,1,Moderate
84,14,10.069995001931582,32.9517982689689,29.65540919987259,21,3,Low
165,60,7.149577218722849,59.71353862752839,39.679603771511076,12,5,Low
243,30,45.50218155750223,32.32239602627679,23.361810201813725,6,4,Low
258,21,34.9421161723403,54.2680503564016,30.67930299393447,10,0,Moderate
196,59,44.44687472298493,61.11976394556344,25.348862542776963,17,4,Low
286,13,28.642397889200463,79.35412946464886,18.144119686187672,0,0,Moderate
360,51,19.824597224868285,27.631732965087686,43.74895449213902,11,6,Moderate
301,47,67.02290212823038,32.88326244596892,40.64021610750905,2,2,Moderate
82,34,51.31140046410204,13.249604752813706,17.35477273400719,0,5,Low
236,23,23.013879012443013,16.32584467214455,36.59361787404854,3,6,Low
361,84,33.76304836339985,55.47160020787022,25.427397130725005,5,5,Moderate
334,41,58.26271168969933,73.36364721235809,44.845494211853776,4,5,Moderate
302,20,11.500641344523006,31.568396132899245,24.07195559486933,10,4,Moderate
196,70,18.27077083395616,14.387555746843299,22.162153360877998,19,0,Low
480,27,11.59210436966511,22.807959950639525,32.03671644916216,22,2,High
436,36,78.1085599442707,36.40413638465109,40.05378490029612,12,2,High
117,64,72.71683098908083,23.25202634922947,20.77556615459394,10,2,Low
124,63,72.79816386913313,18.6863266497493,36.282083091579935,5,6,Low
118,84,69.46928091284252,58.87875910056636,16.842197494233652,18,3,Low
404,30,65.24468813028822,0.6275936992498554,42.56804229331492,14,4,Moderate
424,53,47.92927238403575,43.13844218691865,17.432247484418962,20,4,High
330,14,62.805034715640346,63.50134456238031,42.426941290324876,12,6,Moderate
25,50,8.45253993091772,21.298262905397458,29.724217483581086,9,5,Low
495,68,60.93179803911061,48.263320848961385,28.442733383877595,0,4,High
484,63,75.00899349831894,53.51200844948942,44.19921238501129,12,4,High
216,83,50.032252434595115,52.4019757124072,44.71152533094657,5,3,Low
370,31,37.17619955845132,35.66797073589741,34.50534377883036,20,4,Moderate
152,74,29.96840613208812,27.726239030062338,18.813578755711454,23,0,Low
377,73,62.85218451458742,66.87392584222508,30.185102569656074,19,6,Moderate
278,80,67.35210787669179,60.67567655998914,30.874893028669874,11,2,Moderate
456,13,83.38708398762883,25.700413873113,30.43339284405929,16,3,High
42,74,35.810067421489165,8.241535555376487,32.08475515560029,17,3,Low
72,24,74.2795076647027,5.744603635637535,15.56174141383172,23,5,Low
184,85,55.522024177040414,7.542078231914884,36.33681844411507,7,4,Low
221,31,84.45528416102712,46.62954889536343,36.37182905858964,13,2,Moderate
477,56,52.503089746605866,4.132974066319175,18.46409325533664,4,6,Moderate
102,55,51.58668455581705,26.95414999712307,32.10718327337402,21,0,Low
164,23,57.00893732968182,60.25597615313835,32.050835473073235,1,6,Low
104,59,72.4383819628191,23.54785332123025,35.473512605712,21,2,Low
97,29,91.82214309456148,61.064646174410385,17.561930764052434,10,6,Low
476,59,11.62070187941891,59.637363056564425,33.795099217982894,2,1,Moderate
385,42,9.809114215191546,19.666170610657304,23.422558522390236,21,2,Moderate
20,68,89.37953036666046,58.305774407419634,30.210089714885157,15,0,Low
70,52,52.688806296638546,59.82213106176806,38.1997065811223,20,0,Low
192,88,60.341271311024244,31.79631405336215,36.169378090890405,15,0,Low
224,21,48.418124143525596,16.833638699321458,18.5670905303398,8,3,Moderate
279,49,13.429170734672704,41.70166455134953,32.73554361348219,12,6,Low
465,29,74.12804405767999,73.71180704001571,44.07349592822216,9,3,High
468,47,72.25021805797282,51.169338594564955,19.703083120050067,16,1,Moderate
388,12,33.05329893435308,13.833799810180896,40.58721263176245,20,2,High
307,37,32.56153207055604,54.62055397868159,36.076442416613304,16,4,Moderate
53,65,80.40572428149666,34.176242182546765,38.22009938729279,9,5,Low
367,22,11.512153196719396,47.32230378842984,23.458749814279365,7,1,Moderate
114,86,84.29946335209092,58.725122801848634,23.636667881395276,6,6,Low
91,75,28.099552090632297,41.19578812115559,42.18058367329465,13,4,Low
58,46,58.36862729799445,65.11871796586469,25.79496096277676,21,6,Low
173,58,89.23947611016,57.77244634533022,16.890461720784316,17,4,Moderate
269,75,66.03102513829818,49.20586720148086,33.0179011073835,20,1,Moderate
181,45,42.298683122033296,12.06342526658812,18.74453007125528,18,2,Low
457,63,67.05807880148737,66.87592887292547,38.897887242237246,17,5,High
137,35,35.95816726847332,74.87244682558529,34.25239327503172,13,4,Low
278,84,29.953257471426753,10.957209904743586,41.24179515663624,9,3,Moderate
398,81,94.70149501412118,39.059290354674445,38.545117493479054,0,3,Moderate
325,49,72.5711208061809,20.711099357640357,18.363409450145884,8,1,Moderate
287,52,63.024797964363586,60.36186459404517,26.432120293032668,17,5,Moderate
468,31,36.97606788973869,57.730370880376,38.23680749743762,12,5,High
73,29,9.424474623954335,11.270809645631896,27.520244197989772,16,6,Low
255,17,7.795118843164005,70.16218170093097,44.17096454339935,22,4,Low
408,38,54.876312990391895,14.477845118240182,37.07221349680348,21,1,High
497,49,73.5829448935146,63.7807220518486,15.46499750070963,15,5,High
241,39,53.36412713994696,36.55842877024039,41.39957074682509,23,5,Low
270,64,80.67065647452031,26.2617834846521,18.024143546056727,10,3,Moderate
332,25,8.008387978389948,12.65914101393708,19.215711725402578,22,1,Moderate
420,55,38.00768687833461,13.409140491730351,37.03477201833152,8,4,High
131,71,26.336335205676026,52.951244376072026,40.94905678291441,6,4,Low
274,16,45.254567134140984,44.03443103576964,31.09048883698668,21,3,Moderate
322,89,11.513875387471023,9.766833732098616,23.671491988373376,0,6,Low
426,54,90.87184774139654,9.015828835066015,25.539466357595266,8,0,High
226,68,25.092986096242484,5.784845981823317,25.286679887881682,9,0,Low
248,65,88.00769979352263,59.50138778988353,24.80034311428537,15,5,Low
360,57,43.330383953301364,56.950566818343134,22.287290154649494,20,2,Moderate
417,36,93.69717199296963,4.674479268366012,33.26601283887699,17,3,High
85,62,54.86525451141897,44.82160604775784,42.012159556952014,13,2,Low
94,82,88.77495777582267,6.774092419415192,24.212472392500235,10,5,Low
454,44,5.4814089824800565,72.29966164871533,20.600828923842364,23,6,Moderate
122,60,72.34149255628101,72.5693935344106,40.157329991142745,3,3,Low
441,46,86.27455877922638,55.85863918505041,37.2534999266911,18,4,High
211,66,17.57485102810587,74.095113715156,42.92511094679732,12,6,Low
271,17,13.651326655893634,64.91624243309525,19.965592068147288,0,3,Low
245,88,43.211534646736,66.28308607416395,19.327539423497747,20,1,Low
313,29,89.03110155196416,45.57662804559466,31.2428818291499,18,2,Moderate
325,62,53.814790417139484,24.48473585729407,33.43300964505286,14,3,Moderate
117,21,52.471081734955895,17.423929209313727,29.405203255787686,19,2,Low
357,58,17.70135064693897,26.176001763114336,32.96899908971626,14,6,Moderate
305,26,5.07105599838969,50.279634407124966,20.41139306625214,10,5,Moderate
354,73,77.9126081670915,13.812522866591914,29.388412624922502,22,3,Moderate
366,51,12.881710668761439,20.691218930985727,34.74277682819003,4,0,Moderate
454,38,62.04648368617916,37.44486902363715,27.98119347746111,23,2,Moderate
466,28,87.31548090636723,18.644007881969245,35.383420074497934,21,4,High
327,20,23.77867218425879,47.09149357728493,28.53573841661519,9,4,Moderate
268,59,64.87455526132197,73.85408227650639,25.00798742526832,17,3,Moderate
185,80,12.082871903675851,59.84714925625012,24.10815141261277,6,4,Low
491,67,59.337962945385165,53.31412913191304,27.32706176965764,0,6,High
354,43,19.753854885788247,46.6177180787023,15.692688680466025,2,4,Moderate
49,29,71.23582044636602,39.03583274056519,35.05575415338341,0,2,Low
266,59,32.11081653145174,14.925108770772777,40.353169229407854,16,6,Low
125,19,46.70519079241816,71.57683643414924,25.638812833293557,14,3,Low
70,41,58.94874878248595,19.882880161026904,16.380994084251558,4,2,Low
100,61,20.41460695996156,7.30471020625286,44.603267921566726,21,3,Low
152,24,71.74740367558589,60.00121433829562,22.910947663532006,15,4,Low
304,12,32.23763065731331,14.049242746493311,18.79863365072319,11,6,Moderate
407,46,64.61346739214781,29.75167996329408,26.092575239190836,18,3,High
157,49,19.245474562943627,2.262794263278378,37.156711219006695,13,5,Low
203,81,66.93058932857153,10.965435403235846,23.817497906716973,2,3,Low
420,49,16.53692655294156,13.856290460792966,32.24109611758463,18,1,Moderate
349,65,43.28208466429852,4.352810220014236,27.466799833114266,0,3,Moderate
292,32,27.248546636498915,52.532556529827616,18.532919768298555,20,1,Moderate
359,20,72.35377244853643,66.96062366424938,24.908610374763306,0,2,Moderate
491,73,28.58315040561871,29.865232509275277,36.746115171422,9,1,High
88,17,84.35455757558566,69.96611813745605,33.360116919943366,2,6,Low
53,65,85.26381902659516,17.067725964810123,18.59335139650683,12,2,Low
281,69,22.679718370050725,26.03123388489916,19.899672291429255,5,3,Low
72,19,60.24613505069519,12.058959442493471,34.222000779223364,10,2,Low
469,48,12.894587754796788,49.644735633519886,39.40246242962607,5,4,Moderate
224,37,40.23833896414663,33.589567269624546,25.484234878745077,2,5,Low
145,58,69.1989556551145,49.062667747351895,32.85932255530351,15,3,Low
254,45,64.34809221649246,60.93399243153469,20.11930766256316,8,6,Moderate
62,22,61.22306024659471,43.656241282635875,24.341290107159715,7,1,Low
259,45,30.42867772961992,50.21042839214303,15.608106170191578,2,5,Low
478,35,39.02224544909618,74.82002515154663,38.04827843398567,4,0,High
390,13,14.265153023025757,23.925144768707447,27.030294593189005,20,5,Moderate
130,73,69.7120538390241,28.73311509071625,39.48376720961862,13,3,Low
268,47,50.349991711214614,57.41626893674695,36.25118988068179,4,6,Low
170,31,68.78890691110891,48.90444136443094,39.862327971854306,18,6,Low
202,11,27.40491723171855,14.282632363177186,23.569760087486483,4,5,Low
355,40,34.19944057715596,30.091784800839214,20.553261912835357,20,5,Moderate
114,20,35.079380353410315,37.4270410499772,44.15717047955012,19,4,Low
478,55,7.316816877249458,33.55118703747115,36.51983361122609,19,2,High
393,71,35.69430855475612,14.261984665763263,40.02126803780011,1,5,Moderate
419,78,77.29741161662302,73.95440734274098,15.394001211298011,6,1,Moderate
27,73,85.75686461747647,60.98550093551807,25.633848608876598,0,6,Low
407,19,51.63964840723347,38.50846656862818,37.28450071731995,20,1,High
379,49,45.99515256972982,54.40488226454693,17.3394849896995,17,4,Moderate
407,33,7.774215682943323,71.78261377084175,32.020197887068065,9,5,High
203,53,84.12839038268444,10.893931388925697,27.872183023650095,5,5,Low
300,69,6.170919208328545,20.029844056558215,15.528495214233219,6,4,Moderate
214,71,90.02750721891906,43.4160997805316,22.079267313583543,11,3,Low
371,26,49.02946238192816,63.92082970818869,23.54375967200143,17,0,High
214,74,35.7741044217254,2.9003916353221904,18.355798390389673,10,0,Low
174,66,88.1796591358394,78.72145201570885,33.94610729227981,21,2,Low
112,64,7.195189379908706,36.39252823059177,22.27193628755667,18,1,Low
179,62,57.32824053821784,28.73849124973784,23.328584988581653,3,3,Low
453,65,54.40392720494039,23.417955027181748,41.947157946004424,18,1,High
80,18,24.738836109024387,13.94853661206973,29.013692780794184,12,3,Low
141,31,43.59986882151895,63.32591271440223,26.76384440907817,18,4,Low
70,22,63.70376053493932,76.43313317968773,36.716131149441516,1,2,Low
422,57,70.44180771937347,33.09158038763186,42.288413906487364,8,4,High
296,27,5.06451728359218,76.1936555802765,15.751090087123314,7,1,Moderate
24,85,89.31680870819137,65.90380923480274,28.447165396661894,20,6,Low
485,49,19.807283515353117,38.48409019810546,33.323440682338415,13,2,High
111,26,26.022239080012326,53.922094330090616,24.556892943779687,8,5,Low
189,24,28.71261011244634,34.798734333637036,38.17223166369725,12,6,Low
336,24,8.403812289683177,44.69787265700419,44.14431210810822,17,3,Moderate
41,88,16.07469112312924,4.643706961480305,43.3028209875085,5,3,Low
424,72,93.77149306497458,55.70107802404265,22.979476181398255,22,2,High
345,48,33.36950636395575,4.2259715587309366,21.79014835312458,21,4,Moderate
20,22,15.37709813051444,65.36679575357196,43.724715930636634,2,2,Low
152,41,14.629213505716098,65.9957543568446,28.75885462294398,9,4,Low
252,18,69.75139709029747,18.966183004497168,21.24893169254075,9,2,Moderate
31,49,81.91117976293768,25.89302248286402,36.209908908912546,9,4,Low
365,29,28.12570695576229,38.50483028466346,23.532609717113747,8,0,Moderate
65,86,6.881856110171148,47.733032554598516,23.01740925213157,11,2,Low
53,89,25.078101660082023,22.988292939359738,41.37747129233354,23,4,Low
452,82,10.08641217170816,47.398912370554,19.874374601307103,7,5,High
97,72,14.305544296703737,23.82296585834391,16.93178839398709,23,1,Low
237,85,43.83573078628781,4.439257685684854,23.075593205150618,8,6,Low
320,53,25.692653377546932,0.20220398655271588,33.20836238514612,16,6,Moderate
430,47,51.4351290672881,8.092084633474288,18.692635602098115,7,6,Moderate
92,69,27.814437793147132,63.38005601312146,29.147840168303812,17,1,Low
301,80,89.64835709926528,76.91450499066697,33.820113312759595,19,2,Moderate
268,57,86.5349571133638,34.15729594249754,40.46210977779522,16,2,Moderate
66,27,56.01254945094194,41.014716275995426,21.89608773606763,5,3,Low
140,25,36.89815927886475,11.74785352587409,39.52038970148368,9,4,Low
233,64,39.3032193831262,44.08250821441256,22.04718783393716,0,2,Low
258,48,42.066705483004725,11.572392160558147,35.30299623718922,20,1,Low
75,77,70.48213899214497,48.897146495906405,27.920207144473654,0,1,Low
369,68,45.647509596695414,74.66069340646831,18.440437271360103,8,6,Moderate
126,71,82.10569518553076,15.655883144243168,36.427903884655464,19,1,Low
338,22,89.9685307337328,61.16509744456816,21.532878556470536,2,4,Moderate
67,15,35.235153804104044,1.8801938254659234,20.298702780737745,23,0,Low
80,86,55.46250332381121,30.03977930572968,25.749687857681494,5,2,Low
356,69,13.5550883149308,8.859880626440724,34.59870734278451,6,6,Low
45,23,23.042214298972308,28.198035327655955,22.019894363718834,8,0,Low
311,63,42.21191900391441,13.882953571110681,20.509846163456572,4,4,Moderate
276,13,23.558244431160098,29.864399209830992,15.29860877140093,15,6,Moderate
27,48,83.89044417098458,33.40182448860243,29.14929291305171,1,5,Low
132,81,19.245763045318824,24.04728982247347,27.85936707945548,2,2,Low
374,34,46.009473939778275,52.52975595785033,22.01603230912129,2,3,Moderate
272,86,59.51293164138881,73.50816410071278,16.609564920290723,19,2,Moderate
199,41,67.26775173447601,32.047629928421784,27.877676237875107,22,2,Low
226,68,39.476243275385606,15.387452518001714,38.64615333214894,9,2,Low
322,72,83.21891618522557,21.65782065567867,36.45846393981531,21,6,Moderate
146,47,56.148723597013294,68.32006587970952,40.82384669580511,2,6,Low
75,62,44.55570024027966,45.73117786161183,15.287480631394669,14,2,Low
233,76,11.051657064683296,36.400882584556584,43.99257950413795,13,5,Low
33,37,46.82205216006485,11.970937720714137,25.24236757882345,22,2,Low
493,12,78.86622567341573,35.97818466590255,44.71193388275894,3,4,High
47,89,60.30869163991839,22.279360268590935,22.57858381805324,9,2,Low
490,31,79.89462083562066,75.45305022826794,29.146091627347346,10,5,High
97,47,49.46105035393751,70.7256087532585,25.61783029725911,10,4,Low
235,81,15.661553458503366,6.712203346255841,25.67282144982908,7,2,Low
405,81,6.227586125229296,41.33227914089943,40.26846296244648,22,2,Moderate
384,71,32.2897592046732,18.004667641173768,37.392568192120166,22,4,Moderate
173,66,67.81914243480132,32.86216716194325,44.764543056901445,8,2,Low
33,15,76.12339135475244,70.14783986011652,33.405440481525375,7,5,Low
206,87,31.61775511582965,42.20116159108358,28.897698131835078,11,6,Low
331,41,49.60885287949224,26.737223469660787,17.702215888406734,16,1,Moderate
390,19,42.900701399067344,16.631068328399763,44.896842585415705,22,2,Moderate
26,12,41.94705059162851,64.02598875251914,31.545919587968488,14,3,Low
22,68,25.821384188013543,49.96144122914777,36.01432409070425,18,4,Low
130,85,17.273399452651255,37.445236834098495,27.202271615739342,19,5,Low
426,58,22.70197024080918,17.398748309038243,31.431471245377075,5,2,Moderate
257,68,9.979914844701149,26.739709932570506,43.27733195678661,4,2,Low
382,40,22.831766764121934,76.78747413908148,19.99258313794808,7,4,Moderate
258,78,5.828080786284151,41.607195008466746,23.77117752990764,17,0,Moderate
293,71,61.45325605723804,32.05594249946024,19.56179183334097,20,5,Moderate
313,61,33.47378666489146,41.71376338786591,38.76647711414324,20,5,Moderate
246,50,92.58302402842178,62.31908047196869,16.861357812654887,14,1,Moderate
390,40,22.43453456986681,27.208714920229504,17.44894949554015,2,6,Moderate
34,31,36.12457132786345,14.296489674608708,23.95482338362106,13,6,Low
211,13,37.205704277737986,46.794889467123824,30.425645427630336,14,1,Low
492,22,5.760634645621448,53.21632827848538,27.188244016787596,12,2,High
138,54,80.52871577355131,57.01744023668397,16.344489320124218,20,4,Low
47,51,7.8795014129892245,70.55900726129038,43.724746736128544,19,3,Low
221,58,89.61618512563173,29.693929655129043,43.586085610742515,20,2,Moderate
58,29,85.28669159842586,6.028391698311344,23.380689697222795,8,1,Low
460,86,53.19697244773672,76.66788669047537,36.945768458057444,22,2,Moderate
292,63,53.92360174201629,34.80095419499801,32.357262341496714,16,4,Moderate
250,45,63.84001306605407,49.86060077385051,22.124300850168723,18,5,Moderate
105,10,39.83450107413983,53.304425850263385,22.86514655224846,3,5,Low
493,24,63.250005505806996,43.72109669609628,29.734595229313513,19,5,High
145,86,9.029154981963819,16.420602378901606,27.577108244920804,9,5,Low
319,26,9.864286461475391,60.411444009291316,23.736879846937928,21,6,Moderate
44,33,46.15073776575899,64.30015794432653,39.22534788915446,2,3,Low
164,67,54.46600709954314,44.238046881395185,29.443887529121547,18,0,Low
32,81,84.90358763022371,39.08489284678733,34.64544187167384,8,6,Low
231,32,14.419457051710664,9.115054650238825,20.678205005036265,4,3,Low
44,55,79.03831344745004,6.716132919982707,31.005229875494603,13,2,Low
87,81,23.90426035628626,27.165187645082298,24.539281483398646,6,1,Low
413,17,40.467528365902865,24.867692441391462,30.792408311846344,20,4,High
86,68,33.49421913446716,76.29251607706169,38.42477500232785,5,2,Low
252,68,41.01397455788591,62.68981939547438,38.06739630273785,23,0,Low
128,22,18.544594826532702,52.7939436207248,25.62662034102828,7,4,Low
165,48,50.321306696319944,41.41184712140841,35.82831351238917,1,4,Low
130,37,77.14783308482305,13.389402458132107,43.23869851182831,13,4,Low
247,70,44.73806093410072,78.27653377474272,33.770079897747195,21,2,Moderate
130,25,49.15522183083792,30.0032558592168,19.452303701479114,6,0,Low
489,11,81.38908267531828,8.554048195779584,35.39125887837285,2,2,High
53,26,68.54523031742278,39.503911657259685,18.14713159047934,19,4,Low
130,39,49.14089676678063,69.91984092904666,41.163312263790814,21,4,Low
283,22,28.192608337026172,70.98328014218636,30.49981487405821,22,6,Low
443,22,84.643407216047,0.8772732845157805,26.554222089347384,5,1,High
388,52,56.931836152150254,70.90365958011198,16.71019783949077,20,3,High
255,30,24.903284909962405,21.718737399988683,26.423512037763288,13,2,Moderate
102,64,29.22077773742093,3.117789117473846,42.09620003747368,11,0,Low
61,49,77.28197800426213,67.82322162902994,15.629489888589095,17,6,Low
444,24,8.973100587870992,69.10934047905667,29.23944473345415,11,4,Moderate
120,82,94.2882968325938,47.698486387388,42.93474273331867,6,2,Low
25,61,16.73165117433126,45.95470058370867,26.84522999295063,4,3,Low
199,83,76.64616728572436,65.04962180971356,27.84527062386451,11,2,Low
301,62,40.52977850945146,62.904764216822386,32.3568016559736,8,3,Moderate
339,61,49.299456495872015,71.20843787541632,28.888120007315504,10,2,Moderate
245,39,84.25855197181201,44.219795807736276,20.05805073712657,3,1,Moderate
462,42,42.16200706302919,77.41176741862469,15.556666172095813,13,2,High
459,66,53.374437830591106,79.69174647466707,33.29434973936105,11,6,Moderate
334,61,9.436969616825294,9.323568799890607,42.62419761023436,17,5,Moderate
384,18,5.211272648070784,67.96350076432977,18.19092399081497,6,1,Moderate
473,63,27.03198857015533,39.98578061988712,21.328581577582604,22,3,High
248,10,66.25247836268906,31.00530706398657,26.106884574749206,0,4,Moderate
396,53,15.913840402322304,49.0457847906172,39.262266870633596,12,4,Moderate
308,84,15.238576292409448,4.477244580960562,23.077809494129326,15,2,Low
456,89,41.9864547232313,40.51688950136639,41.46163212836305,4,0,High
169,18,63.30533347474039,69.67124560213334,16.648736239501993,18,2,Low
296,41,69.08647930231375,17.076921291117504,43.22869863776805,8,1,Moderate
217,24,21.060560668853732,34.11119158155401,31.822412336212945,22,1,Low
89,21,12.16293326348382,75.15847101719004,34.76333035463114,8,3,Low
131,87,89.63573305509898,34.28510702445578,26.03068567609059,11,2,Low
23,66,28.459974430589156,28.669410586591866,38.459828565331804,17,3,Low
369,17,81.80118478478515,35.24293184987026,19.996987502532182,23,0,Moderate
350,81,82.71423054165365,41.55622132140451,16.46735475835461,9,4,Moderate
465,36,74.527033258629,50.55930753051751,26.865508293226714,16,4,High
337,71,20.195024598731308,64.05542407333849,40.610871419431184,18,2,Moderate
369,21,78.96213133287803,36.16817646114514,37.647805099130835,23,3,Moderate
114,74,74.2325503317428,65.39847480721123,30.514679114668738,10,3,Low
171,51,58.70506910955954,42.69765290816645,32.164132414960605,15,0,Low
330,71,35.34818316520575,27.078440829438215,18.896784788962663,7,3,Moderate
156,20,28.62577438398897,52.63606624955314,40.22044525852746,23,5,Low
266,52,15.970029087232307,57.41778037947931,38.608790488925905,14,5,Low
406,26,50.878136021078426,44.643918050359005,34.694111816608284,10,1,High
262,41,57.67347879588618,4.529197850777873,28.985731089868153,6,5,Low
50,49,37.34050914642085,13.590630012865992,43.93377804838538,1,5,Low
59,32,47.78231609127817,22.823817671218258,41.370959156294134,18,1,Low
248,65,37.716301163234,22.61004847611945,34.332914805438556,8,5,Low
55,15,62.69054515886312,53.87366401974965,26.154029931518636,17,5,Low
427,59,86.1133287016907,1.4678929338906066,33.54066836044537,12,1,Moderate
242,46,19.75282358422504,60.45454216396159,32.26322779591996,22,2,Low
25,73,39.32679289128111,21.227397984554656,26.82725963504749,0,6,Low
341,63,17.678174355577518,24.801747697288192,24.200219150642283,18,1,Moderate
487,81,61.24493933670488,42.23278623551394,27.21032376711967,12,1,Moderate
239,58,70.59834585397363,17.274048075116603,32.21734218100194,13,5,Low
94,20,88.87214593377102,70.75770508604221,27.844045341332833,16,4,Low
23,58,30.098473363486843,6.8295023461252224,22.907234646041516,21,6,Low
354,30,90.51900852788872,35.55058898408519,37.828899532824266,19,5,High
153,75,10.693640463860731,67.95378155639119,30.944024878722388,0,2,Low
137,72,59.271247702812936,49.26751155369886,17.030254896768,4,1,Low
388,37,10.141944740899698,23.386361267410678,26.049495168783764,19,0,Moderate
113,26,85.43967689857503,33.660816622116855,41.54740371635981,13,1,Low
454,15,52.68281513630487,56.53555042740117,37.657095935998555,17,6,High
81,28,65.24135156865165,77.86085946911194,24.697403518320215,12,2,Low
460,65,79.84165333194073,71.45109747035468,43.14549456133527,22,6,High
213,37,18.527956023557188,27.39462467059014,17.298087250746306,11,3,Low
354,75,8.473240574432046,79.8558303430286,43.83704111676567,14,6,Moderate
222,47,84.09930313215669,0.28037308248466175,22.37115277454027,23,5,Low
411,46,33.343990471303925,2.2103804646732073,15.272825409072578,3,4,Moderate
45,77,16.608101713444874,65.9072412136955,28.014241095549803,8,4,Low
454,58,47.16151133783779,15.957014946644161,25.76911289061026,2,5,High
192,52,58.84754681264169,4.861541471699269,31.172670156203814,21,5,Low
319,45,7.787354308025911,18.971845858920176,38.90318581709536,10,2,Moderate
152,67,29.740609243137897,34.08801231846881,40.27292406451341,14,1,Low
345,22,7.951988684920641,58.44530163467239,27.036899988350754,15,0,Moderate
429,61,42.83018502759491,49.94684212409644,27.895372311190506,6,1,High
137,67,85.55900261596199,19.009697404833634,19.44533190988421,6,1,Low
343,41,93.43871703442123,40.26163584804675,16.426428266434904,21,0,Moderate
294,69,62.334279815326475,74.0971284318855,34.23644970705074,8,4,Moderate
231,67,19.54739244061326,65.20062215870061,16.93312876658077,16,1,Low
244,65,86.52644509993752,25.855182786543473,37.01490358264368,12,3,Low
39,37,51.46230408800544,78.5811649084557,31.172704350667424,8,3,Low
132,10,18.837438089262626,56.68963203481048,20.957489346782502,8,2,Low
159,51,87.95540025064952,4.9959484533425425,31.18568830537949,19,2,Low
66,57,73.17221456507927,2.8128570630910943,20.489931498062965,11,6,Low
20,49,70.85347454508364,13.472635920802398,28.16211622531236,20,0,Low
109,72,68.82626334149643,58.22846944401174,38.98680948726687,18,0,Low
161,85,23.030583898679808,14.699114067394232,28.857578802319125,22,2,Low
339,81,23.990602253677345,40.91894153670668,19.460979548926446,14,5,Low
57,89,66.94636985845295,7.460809614466539,36.71486045468835,17,1,Low
312,13,24.775047509935717,73.67089262641561,20.603052488100264,7,5,Moderate
401,47,44.4804527122744,27.516849086685404,37.15649623110328,5,4,Moderate
158,36,75.38016430345472,72.65056452485047,29.380568676475,5,3,Low
375,18,75.55572662880569,75.59005135284355,28.61225277282905,2,0,Moderate
352,25,45.79355952732737,0.49029178509446325,40.54305113572424,2,2,Moderate
278,65,76.29709444477206,37.13081497589856,36.258105730220066,1,3,Moderate
180,85,80.47596165782511,1.972484456551431,15.987323908648177,4,5,Low
409,40,63.929817615583424,72.69542130423247,23.88522943804807,19,0,High
197,23,25.558326707757814,41.47260357876607,41.12761982549696,11,0,Low
29,34,29.661060234699278,5.995521015879746,15.54978505635596,5,6,Low
280,43,33.335703986786186,8.82213826212535,31.35760338785911,15,1,Low
426,76,15.51236969605568,30.680721959419124,36.834770075218316,4,0,Moderate
157,33,29.58436583329506,75.21873542983116,33.65568256453727,5,4,Low
191,82,23.85673018812789,55.43273212544647,37.81596606313309,3,0,Low
405,35,45.97958748277419,69.40950929513059,36.77075546744237,13,4,Moderate
32,29,86.75937930850384,29.316531707198372,35.7609208545934,2,5,Low
187,73,14.403228507856227,3.4570959639998655,39.64619582776956,16,6,Low
149,19,69.82411315526561,77.94541097635313,34.37072005348615,4,1,Low
103,76,66.8554703971815,1.3738392529895638,27.07255482770946,21,6,Low
340,33,13.617877879702188,75.81213224648712,29.157273297437627,20,4,Moderate
338,14,88.031516441522,29.494193907931574,36.501743480443515,20,5,Moderate
120,76,56.162498194113766,0.8072324017505217,41.28918089000382,5,3,Low
348,67,37.73529690221158,55.13257853796066,23.16656402519327,19,6,Moderate
292,36,73.0884725145776,78.44322432250833,25.262303879132123,3,6,Moderate
284,89,28.162891256147063,77.2500578270074,42.92218189087238,12,0,Low
478,24,67.41588533416883,12.874960896193475,32.355353772283365,7,6,High
418,44,8.57400868150225,14.499824485292399,20.36885451405003,10,2,Moderate
427,85,80.54672338483448,45.24311316957281,34.91085416737148,23,2,Moderate
57,62,45.335376231918666,50.98438611426595,44.722864666181394,18,4,Low
438,53,62.30236229221475,59.15343309326925,39.703606934112,22,1,High
113,35,24.91140378260153,14.4840288377718,37.37223409654209,4,4,Low
114,56,65.93663413926032,76.72056694115476,21.241399627988077,4,6,Low
324,43,74.50162483039489,51.09914050313903,41.28419354052022,2,6,Low
88,59,47.58918681959589,67.76375350964439,30.77366530606639,1,5,Low
337,21,60.595423165561485,43.20525722273374,41.67870066215867,2,6,Moderate
463,13,46.06933314401587,33.14214780719061,24.89483488274638,14,5,Moderate
255,57,85.46822323320609,78.17463252759967,16.861531579062984,6,6,Low
453,64,49.808226246288726,46.569709665586885,29.279279059792383,2,6,Moderate
353,10,80.7627838125937,69.34988662393431,23.095128144536332,14,4,Moderate
392,75,77.12168524432238,76.26339170930319,36.45687869328894,10,4,Moderate
395,39,41.94543392135209,54.02837016069274,43.713196585680976,15,3,Moderate
478,12,25.707604267172755,43.91509428149399,35.729224534546915,12,5,High
156,30,41.54739193037939,0.2808680728520496,41.608017891276106,1,3,Low
437,58,79.35956381976982,3.2015712591204792,28.59072040803619,19,4,High
95,71,25.486928223745313,16.068097284089305,38.14922211585905,11,1,Low
54,47,52.19927112719744,14.88067454847962,40.291303100151104,20,0,Low
20,24,77.54870731646727,20.380703615987628,36.32626882750627,6,5,Low
315,61,36.81297276155409,24.394771015812864,30.233318582086937,0,2,Moderate
339,88,62.798867330242764,28.805239484058262,33.77598328846104,13,3,Moderate
425,55,27.106841664393308,33.643015205510125,36.015209870366405,23,5,Moderate
79,34,14.835150083134392,7.9093070764811735,22.592532096642806,9,0,Low
339,30,76.49458025835708,3.388954556222563,39.287377827449546,2,3,Moderate
368,14,13.907176106783615,53.91555592584187,43.5097361690182,10,5,Moderate
347,79,29.424325557162614,42.98678598744622,28.95717945539808,21,3,Moderate
286,56,81.9598479797696,35.53153617760957,36.03201549329632,19,3,Moderate
380,77,36.18223583708004,50.75519529346819,37.110777173710616,20,4,Moderate
248,27,92.5740814562745,66.21435257628323,34.86742642564441,14,6,Low
289,30,93.17609012964738,34.21543272929637,31.413453249859067,5,4,Moderate
335,32,29.144841840820103,51.28955720415835,41.44943863724431,17,3,Moderate
305,73,8.68804000249014,76.2857779068127,28.467801278066833,12,3,Moderate
310,76,68.45569557848413,67.16995966892486,16.833088694598107,14,6,Moderate
232,49,45.58878523835094,34.080064840192755,40.336691271364806,2,2,Low
184,19,14.067755956361866,51.577347025179435,35.21943816949652,14,0,Low
24,61,68.67705370802386,14.16567375327518,40.4777587949894,23,6,Low
358,81,7.80574182007291,44.84177479160719,19.156423273340828,23,0,Moderate
398,84,83.31770214430179,78.50626329107543,15.92258821529149,0,1,High
97,70,17.478727620197333,41.465209216201785,43.03123621147504,9,6,Low
429,73,16.458069087205253,74.21106393521178,19.43184917551723,23,1,Moderate
81,14,20.81050681717261,32.58679364026086,39.28956996211355,17,1,Low
151,62,91.423972264286,79.9075861747705,39.696298265419074,7,4,Low
108,64,67.38524242284615,46.33760281820463,36.26115601647009,11,4,Low
256,46,77.1234381917273,3.3815195388747643,18.93786633278613,4,2,Moderate
61,65,40.78714871594777,46.940383735311045,35.02195873682423,0,4,Low
108,68,35.268145475446005,21.96581565436773,41.672597499805974,7,1,Low
421,78,26.103560610485296,2.598505762871577,27.765949344026495,4,5,Moderate
315,82,48.2583225481168,65.66826437557307,27.40550563135797,16,3,Moderate
347,68,54.66458601807516,22.058370958460472,28.285749287382572,14,1,Moderate
314,11,61.85973592874799,63.72388432371988,17.468156720286192,3,2,Moderate
123,74,28.140665359882505,23.05740663646936,41.760767070899206,12,3,Low
33,69,90.37886728126915,15.546108309901943,41.075485919415314,16,4,Low
307,60,20.278264838642226,77.9148459283542,44.937279653708586,12,3,Moderate
198,39,91.90878572897711,28.931626220401565,32.5554942449524,1,5,Low
144,20,6.337051025675341,48.110096915452836,37.53574909354157,23,2,Low
441,85,48.3013122635161,48.79851942515772,21.08015718921914,3,4,High
372,48,35.00310543049065,44.83787857388015,35.02586454672509,1,0,Moderate
42,86,45.421107253722575,73.17565948169717,34.49198546272172,11,1,Low
82,81,56.359812108271015,53.95528570934948,42.03626207524837,18,6,Low
162,72,44.203024221143814,32.29864032839441,39.92378168517222,17,5,Low
172,73,42.33621652714355,68.99043076194192,43.153993878532894,9,5,Low
164,70,70.9451073871976,14.485031929277152,41.065004181048224,4,6,Low
244,63,66.72886475778182,43.5389406088334,41.06081684696556,10,1,Moderate
469,82,79.99441538322631,76.0440297555005,16.911699800661548,0,2,High
481,67,27.4963083115546,50.031810390433016,40.37885858087868,2,2,High
328,65,59.857565877865724,65.3574760379901,33.22435183509354,16,5,Moderate
123,43,57.667530685356844,52.28485804361543,26.413333552978834,14,1,Low
123,40,38.27640297854199,67.14966908303123,16.695438731641868,13,3,Low
454,61,48.745178771241285,75.55903038761949,35.3302132430414,23,0,High
58,85,33.24039289751559,21.833738202618946,24.846052516128523,14,0,Low
454,10,17.765995785528666,13.572886500537509,29.033287949581045,15,2,High
217,64,24.242108959645954,38.719260026603195,35.45185311165403,3,2,Low
153,31,14.496228176108097,56.148994145937266,42.353236410724286,18,3,Low
86,49,66.47626176711117,18.175300254577287,39.763107468149954,23,2,Low
410,10,64.46546537982363,0.328116034413366,28.517913873107993,7,0,High
198,74,90.55457344218856,27.434809266936426,26.633494723391365,5,1,Low
475,72,70.67105722825171,77.50874683742308,22.193392165321423,15,5,High
61,63,9.68412548805183,55.59739684846774,26.172802535279047,2,0,Low
467,51,84.58206565360588,32.10603551529792,18.33139161875695,7,3,High
34,30,82.64076466511531,15.406087787747227,44.13316525094264,4,1,Low
130,88,44.89882886954288,28.48717390037976,32.21752331878737,4,1,Low
176,31,57.72767454751294,13.587154664099836,18.834175283856386,11,5,Low
308,47,92.8470499225267,8.504465705036113,25.584180277977175,0,0,Moderate
497,89,52.90739274633496,72.5393898058043,31.411174308619678,6,6,High
250,17,86.47896455384807,79.81202707003789,30.986569099226088,23,1,Moderate
430,71,12.47348820291678,13.129155167663225,16.06510106155897,10,1,High
439,56,22.194668183781456,4.361804710262378,43.52523102687334,9,2,Moderate
176,26,44.66794490971861,26.378488571696987,23.26127044424834,2,1,Low
57,26,57.628112750357424,36.932734460913224,15.485540067956736,7,3,Low
460,22,78.46050666765203,16.385699766068356,17.293320268508474,0,1,High
116,26,93.94359036288682,24.113992943884675,32.405847097439306,7,2,Low
430,47,39.99663468267048,16.069658855332616,19.133565620252906,22,4,High
458,87,9.267407252607644,61.9408454745961,16.251743785605097,19,4,High
308,54,77.10543529657923,57.00623545978086,26.38879399238134,10,3,Moderate
273,15,59.39426471745273,50.796121260878536,33.682835770205656,6,5,Low
215,44,22.86885729813815,30.97742856633638,18.355194145248372,15,5,Low
105,23,49.53456109592781,72.72327530513888,24.399834964539465,6,6,Low
341,81,71.80792209803519,77.5626033228016,27.532820148736267,12,6,Moderate
29,70,74.33706083617794,13.89114501003296,19.783802933603013,9,3,Low
24,24,49.96565707988858,17.841011312950243,30.182216954001305,16,1,Low
142,63,32.469307711597324,42.050482240029574,17.55642260705313,2,1,Low
349,36,92.63683238346442,7.300045542579623,16.39555489035206,6,4,Moderate
372,22,64.70263498608435,34.91587190584902,30.595061014654043,10,4,Moderate
137,40,41.74137674116688,46.54330118221681,22.436909182526268,12,0,Low
313,44,30.241690178418718,41.76588569098665,17.861214236940825,4,4,Moderate
416,69,70.7992684703206,26.472686646242085,27.717377624628966,22,6,Moderate
178,15,26.796510103439093,43.39566448617654,42.45422218552184,18,4,Low
322,78,20.453899007631936,76.70407634070783,36.72577339962465,14,3,Low
247,67,52.68505000658632,16.481392343310084,39.468477460410824,0,0,Low
384,58,31.098865337972768,52.38650867152029,41.1574196627591,4,5,Moderate
235,32,61.60146304312536,3.471735532484148,44.178832241892565,12,0,Low
455,43,15.614480738681014,5.3133123585147946,37.89739720542519,9,1,High
203,35,63.94469941105894,44.1462579378868,33.25223765818439,4,1,Low
34,56,30.4966875197932,8.395134426235957,25.962776409067416,22,0,Low
176,14,5.021864099106146,1.7877430741485867,20.449297096731485,0,0,Low
155,29,16.424245190675876,13.721039811841775,35.59979621949883,9,1,Low
280,15,89.02538400515847,45.18793367996595,44.84849958365825,17,6,Moderate
176,79,83.06191752038221,56.26727636151459,29.020760538567572,21,3,Low
66,68,26.024812883261315,16.1982851313104,36.71038104278423,7,3,Low
343,73,75.05347140909421,53.46075497665396,29.852773499794687,19,3,Moderate
351,27,59.77144338565768,14.598106487938347,27.9580027009043,2,3,Moderate
192,13,92.38142403048825,49.07659413050057,27.309168406797454,18,1,Moderate
149,26,38.62450935806532,32.956774391663906,30.138740487950926,18,6,Low
430,23,66.33145512654542,52.30396074668934,26.00686985596125,1,2,High
114,87,10.718215018152673,79.60422019833979,37.46319965465423,16,4,Low
134,22,40.66226121347653,75.02535721860495,41.2281607977455,15,4,Low
262,16,91.74358950693625,0.34254062688829023,41.486559199355526,20,4,Moderate
439,53,53.50827870051085,70.83510114898446,21.830961402774776,9,4,High
311,24,30.90915530013601,5.319263613981322,41.877274161944726,20,1,Moderate
301,28,15.824386681574618,76.24372689278759,25.246536955653152,15,2,Moderate
318,72,68.31755061633774,22.546054327974776,24.27922996455893,4,1,Moderate
302,44,63.037043908675415,30.562786432901675,36.80268172194708,19,2,Moderate
88,44,38.65448422433972,7.331056414058228,24.140890202588682,2,1,Low
167,28,90.58472166792508,8.981820666312768,16.588992168291302,2,6,Low
30,29,6.998253168906529,58.13924521834557,26.20853316930924,1,0,Low
273,44,32.335146646864324,75.54657885986333,36.64396801075047,20,2,Moderate
349,41,87.89625376696233,48.85987959634476,24.808752608105294,3,4,Moderate
379,57,33.88418944874964,57.268001242144884,33.88677167985439,21,2,High
57,53,27.702755046965336,60.95757956777228,34.80358332789391,17,5,Low
153,33,53.07983689381226,21.02514196423534,37.01208035179069,1,3,Low
219,70,79.14215749284841,3.618370473617194,41.913913989328094,23,2,Low
42,26,14.283208479052496,0.14981951353348677,27.976934978052945,5,5,Low
322,80,89.87186386811625,28.051942636321492,19.99296229987371,2,3,Moderate
365,59,76.55655930630476,19.317138255937287,24.56777146295668,20,5,Moderate
321,74,21.312522999639675,4.985418003934852,27.965017655219576,2,3,Moderate
382,41,69.08071650783464,14.36226339949334,36.4167440798434,1,0,Moderate
415,45,39.646285037380146,9.959911861435824,15.393663766849006,2,2,Moderate
237,22,41.206521026868685,73.19027044938963,24.47356150319637,16,5,Low
160,79,75.49610831949798,11.221377076733514,38.395277430579505,13,6,Low
123,67,91.6506327182659,43.011877119014336,35.12573109992086,6,0,Low
465,23,16.39902855624745,47.448476408973164,36.95219920756816,21,4,High
229,46,42.856721319093744,43.4791566166907,39.35432308317584,20,2,Moderate
492,88,48.28474472758732,7.924514737279038,38.49707156633887,5,1,High
130,77,38.868063525949786,25.503868940044097,35.465494984583344,7,1,Low
123,49,37.68702113446025,4.101626597052261,28.18984597111772,18,1,Low
335,68,9.704180080543688,31.65359312770528,44.50794986634462,18,6,Moderate
190,89,66.6984758506361,15.08791450172736,32.07219586770221,11,5,Low
479,25,44.259297540804084,44.93060266275038,21.083076281065175,4,5,High
375,71,22.53144223795341,55.42467150792804,23.78438565314353,4,3,Moderate
343,13,78.44301520718615,42.569588816376516,35.8068736791141,13,1,High
152,54,77.23046733364652,34.738935728911656,42.74218695598391,16,4,Low
395,37,48.775246528000444,30.986673668535396,20.361603876176925,15,5,Moderate
312,75,31.860559503298447,67.3353414477603,17.47039487237359,3,6,Moderate
347,40,62.428345321680716,17.549445205221605,41.445931441260186,7,2,Moderate
146,12,30.933692219966275,58.73746716230951,42.45833936738503,2,5,Low
125,17,26.240713729134082,60.59858597920952,23.29138035947698,20,2,Low
111,33,70.74631886236939,33.536000581658755,26.318571731137197,4,6,Low
306,24,8.629271574885564,23.784047938051145,34.80563992493575,22,5,Low
397,52,13.529162393113456,37.64331888367802,24.897900625274247,23,3,Moderate
412,40,5.6109356621230795,7.45711407141588,41.31476124810159,6,3,Moderate
70,82,18.764886782788352,3.6744025783271983,18.227361081415882,17,3,Low
48,54,11.209100783941352,8.928255956151343,16.139466628805856,23,4,Low
481,75,94.62221310019267,14.971602516978093,21.254586202283683,7,5,High
315,17,30.99289729586806,40.33414562704344,23.58263334614907,10,2,Moderate
316,80,18.434121140232257,67.93093089288976,18.38779773866625,13,6,Low
233,66,26.689663219632614,18.85138655997496,16.970712880219402,17,5,Low
286,89,89.25130143861212,74.81296085974225,37.668231405053945,12,6,Moderate
426,39,51.81442007219561,76.39263271480027,19.92829697706772,5,0,High
276,83,37.83362866770712,76.71236838761642,42.41766597198912,12,3,Moderate
321,27,83.60523121182975,67.0050187741059,26.039989843442882,0,1,Moderate
120,78,40.54912434941292,29.106003263817648,35.11817429164036,10,6,Low
424,48,35.150771296192616,5.814712880209845,21.762063443064008,6,0,Moderate
365,69,23.6554270294762,45.50549854131959,22.209683054756006,9,6,Moderate
129,52,39.00171415184703,44.6945155149787,32.241276086027256,1,0,Low
439,54,33.50159204152334,67.99806136876765,31.819287754379584,15,6,Moderate
201,32,65.95735633683269,79.67928407568841,38.061876840362444,4,3,Low
490,78,31.06244342036544,40.65258452481181,37.73439917082798,15,1,High
332,15,56.94797717803053,27.616322483182742,35.12063293990983,22,3,Moderate
20,65,10.930294852877545,14.87213692450136,28.47391697680473,15,6,Low
338,13,22.216024102686294,0.3839859853896588,41.71921158841852,14,3,Moderate
457,32,41.666474445021386,40.729095399110335,33.677354706638965,8,1,High
74,15,89.3254328517826,44.44149333620766,44.70595471387072,0,0,Low
390,41,38.952678714412585,65.99507838539179,39.581094538030754,8,0,Moderate
443,27,64.76667090798507,40.36615743142405,16.329294337149786,10,6,High
418,24,27.957850017925832,73.31746789328452,24.617817212409534,4,5,Moderate
168,49,16.433021837590857,50.24667812571484,32.156271494128546,5,1,Low
450,82,10.268294007204512,67.22689905768665,36.644086136144615,7,0,High
476,83,32.48721486884762,11.864138784619769,31.510094932858244,14,4,High
328,15,19.189492411721716,68.42689042418517,38.583912673865456,15,3,Moderate
156,72,20.66094032145118,54.01150835550787,23.47966958272034,17,6,Low
221,76,73.4683377548255,13.618642595066444,20.51736153698475,11,4,Low
455,20,6.42542638503868,15.18108465168087,16.617500513693102,22,4,Moderate
332,52,55.2029113161891,74.1200495235377,32.19941233714566,3,5,Moderate
136,26,39.15152425341183,2.57722883602983,35.65798562026485,21,5,Low
173,13,50.58949999176925,37.00279546365649,24.784491513580846,15,5,Low
444,72,55.65472134931426,25.078023194728125,33.4075255456763,22,4,High
310,77,33.20309250115504,53.206195199874244,16.56471692559988,10,2,Moderate
82,50,31.559797416585674,67.17035100551936,17.97880038890411,21,2,Low
263,14,71.00616644014151,28.830249724525565,36.05264316775495,23,4,Moderate
44,41,83.41492893090414,34.15216698582697,26.042091156518964,21,3,Low
109,79,22.332346921267508,78.55342276011314,35.14002093309017,6,6,Low
94,44,13.785688448163405,62.713320774336225,39.95163360839754,23,4,Low
313,31,85.80162257528234,71.77633047454331,40.578673124283505,14,6,Moderate
405,74,36.49059172826588,35.10097765213038,20.165029363933527,16,4,Moderate
410,31,54.61856515965327,18.72609631872922,29.588567170540394,14,5,Moderate
229,20,37.35888300680031,32.94907723091613,37.017801708974595,9,6,Low
494,86,16.32221027114462,57.28735342652108,38.219417888007314,3,5,Moderate
437,12,58.03984804529552,8.754432386878346,38.54027942186633,21,5,High
366,18,52.26267665926667,21.637528449320705,21.845020031417533,16,2,Moderate
36,69,23.26942032720775,3.730872036927231,20.7760445317132,3,4,Low
147,85,45.66821401870501,34.587819067050525,32.700374048210875,21,3,Low
446,23,76.72527536140812,66.19565887836906,37.23257393214659,22,3,High
462,27,58.13834927971022,1.973095063840864,24.5741854660258,21,5,High
383,82,13.722559436029536,54.02588214457328,18.141154705872648,10,5,Moderate
270,32,54.321934750622155,74.59966996109917,36.502391487302326,3,4,Moderate
198,83,68.24644693606282,18.954228920894582,23.990934941400134,11,3,Low
201,56,76.34330652026762,55.49078725821185,19.990881729351656,22,4,Low
171,78,61.62058207708401,78.00815208801603,19.43170585191395,9,6,Low
44,56,18.73923480867054,76.98224481219705,24.447286425801487,13,2,Low
474,39,68.91559399311447,18.794335442331462,32.78034197741236,17,4,High
199,34,65.96076614733647,8.026484256965496,25.752067160814498,5,5,Low
217,37,7.19841946465699,11.862603031673276,15.619855547802947,4,0,Low
363,34,42.057290083121885,56.16285347857137,17.907253040334332,1,2,Moderate
180,83,34.9655222266136,58.060710036262044,23.715097415958574,12,3,Low
196,87,65.24708578282791,53.93892493025592,34.79113446441276,22,3,Low
304,67,24.452223107982864,26.886271019379045,17.955452204056016,13,5,Low
82,50,58.178473067683264,13.582155180649771,31.819705605020456,2,5,Low
169,34,87.1885365632755,46.46088735618025,18.596576124720126,22,2,Low
173,87,76.80221349877469,38.694435660629324,21.348459820481445,10,5,Low
175,57,87.93119625948773,58.30673176978428,20.165655826672882,21,0,Low
389,19,93.0655370239421,35.30880629484972,17.016859067124315,22,2,Moderate
488,84,5.960311430554649,27.09117557491747,35.13989452159771,3,5,Moderate
68,20,61.04671487397298,23.47828618872115,28.902106421581035,12,6,Low
474,30,42.15554579830158,16.917625603979722,39.931603226920146,7,1,High
356,54,82.38690413016096,21.259710094932913,17.966725199469508,7,0,Moderate
103,16,27.663323180821852,7.586435107528109,19.341988000142166,22,2,Low
380,73,93.29265402035685,27.748560874311163,24.19373194051352,12,1,Moderate
196,73,60.233717258937254,2.925584989036656,37.975979608164245,22,4,Low
167,11,76.41836620059479,14.913107773306145,24.172764694670963,9,0,Moderate
137,85,12.703959754049148,59.741635569554326,27.25256122496078,12,4,Low
361,51,21.511209628297856,26.037519094129813,24.048106988914938,12,1,Moderate
495,63,73.25633057307829,53.45896135818751,17.4067287540309,23,3,High
82,84,6.978786983539125,57.35073404778219,43.18300868688562,16,3,Low
208,25,78.51901873044045,46.49482741856908,31.456169762135666,5,5,Low
379,27,6.2554116822720305,76.69581930923188,38.6349956455649,1,3,Moderate
68,68,64.14069551551461,1.7151893298490606,34.75071276555888,16,4,Low
346,25,37.85845282086253,59.09221204705137,30.427628371859253,11,0,Moderate
276,15,60.03453674472792,76.70293151523265,17.690347699781405,22,4,Moderate
243,66,67.64282662902023,68.98173834823514,34.28200635810913,5,4,Low
160,56,35.822769726767376,13.431415344401065,19.661110678104965,4,3,Low
497,57,14.7166203299752,26.145624500138567,27.4314950806883,4,4,High
234,51,11.268128097343908,13.796147190117232,33.87339430441291,8,1,Moderate
454,85,58.00424203062931,48.10466910517633,38.4668700141637,21,2,High
398,69,51.858981836070036,56.97503855835939,35.551355271258586,2,2,Moderate
459,86,71.79809082090193,25.365901549044658,35.14600587163886,22,2,High
230,13,50.87619590035434,43.16052591874364,19.471266275256227,19,5,Moderate
337,11,43.02012110277912,55.2736456056956,25.383856202147637,4,6,Moderate
51,68,40.82784604126078,33.70718532888387,16.287368179805824,6,6,Low
177,36,7.380221233790072,68.32124243643675,36.58430679529394,11,3,Low
304,36,35.20014815269914,61.72399482302537,43.57757943952257,6,6,Low
324,88,92.84181417720448,5.173243508045653,22.923311705372274,9,3,Moderate
448,81,83.620001860438,49.690023927266324,17.63090127486928,7,2,High
496,16,34.64402603307959,18.82604407677997,29.267102302609608,16,0,High
305,72,57.901586455973494,44.60146117338202,40.70094669382706,4,5,Moderate
163,55,81.25670709819445,76.5510754106373,31.55922585815339,14,2,Low
443,72,44.71469030750618,70.32496036418001,16.4033145057034,8,4,High
38,21,6.616207737513586,32.361312249210535,44.22816721583838,22,6,Low
37,22,11.705941563677607,23.321108667548273,39.859497298878026,10,2,Low
276,52,50.935344921383596,18.75245955266072,18.947822311545305,12,6,Low
97,26,92.24954381082905,42.601189580521606,42.65393269510527,17,2,Low
390,72,67.3888587996981,9.139876260644506,28.520648658155658,16,6,Moderate
194,45,11.382457229471257,43.942000650259885,26.156939717248235,23,0,Low
213,17,22.04247882126765,0.10669115926336126,28.831599915815644,8,3,Low
495,78,74.4190828895165,25.907970459667588,40.037158706128416,9,6,High
132,89,80.72957839606202,17.594745106446503,34.78439034860357,4,3,Low
133,45,60.59251275697318,77.69750319686256,16.777453571991828,10,4,Low
241,37,62.998085266683496,58.17938556559832,43.72813113348513,21,2,Moderate
185,56,7.5503705345046175,27.972270436979016,19.433524004349533,14,1,Low
454,85,79.56772336233577,7.427606922449641,37.367038552060535,1,4,High
338,39,75.94476873537467,41.34404757524992,34.084095912843935,20,6,Moderate
151,32,28.313162969301246,17.075830506083385,20.625841438396826,19,3,Low
404,25,68.78090479689563,42.91436367186862,20.12196228339149,23,0,Moderate
283,23,24.33691457824983,66.8289883343114,41.10982781114076,23,6,Low
432,83,8.629714494636168,49.26340416811083,27.590847704987915,13,3,Moderate
74,80,23.102288833133954,50.70307356360018,34.63729542522415,4,3,Low
378,61,21.076598907886954,43.28242312502492,30.122130115700198,23,6,Moderate
150,46,35.39731970613625,74.18125061051273,36.82060551227879,5,0,Low
307,38,42.66045474579123,74.55221475364826,29.377271251179916,21,2,Moderate
285,76,50.76850023479371,41.017856085884176,23.62139745766705,14,2,Moderate
477,24,47.90784879574954,24.460758971480352,25.901501129894893,3,6,High
486,56,29.360714536876042,36.766960470355514,40.77233083351028,9,6,High
385,55,7.625360171666702,14.924632975649255,29.041040787681812,18,6,Moderate
181,61,59.45914600134356,50.907545225447144,21.403479967338278,8,3,Low
399,28,40.617034686261896,40.007386862578656,43.0381616423176,20,6,High
106,86,31.880494164879472,8.264038225062391,38.89801369495131,9,4,Low
74,30,83.0246938547461,15.811822489569227,16.669984381685975,3,1,Low
495,73,72.20689770183438,38.37055649596215,44.96828885941554,21,6,High
307,46,82.1988993535198,71.00711925750866,35.84780089320307,3,4,Moderate
197,36,49.54845152412149,45.31125765048779,19.80799797121761,5,5,Low
410,64,16.78381269140997,54.522800016677664,22.115030438957895,7,4,Moderate
368,38,67.65992925091452,27.12228397951278,35.77336443724641,15,3,Moderate
27,29,23.54664019434577,45.712911443538744,38.39283165837366,7,3,Low
340,34,44.71067021825451,35.7903858110454,22.171078294494183,15,1,Moderate
332,79,10.850071005399965,52.730393009852854,22.709065616978123,5,1,Moderate
266,72,79.27775621806842,4.04604528632083,24.213620846161824,16,1,Low
342,45,16.33465769427505,39.46401729911673,32.940550945099105,0,3,Moderate
491,11,86.27877563443788,23.679410011517355,20.154485349038307,18,3,High
490,31,82.78075420354014,26.094804902232738,18.127295966543326,17,4,High
462,25,46.81244879953215,76.87339452464491,35.365922672565404,16,3,High
274,27,71.99313838735915,14.615585016910622,38.37293819379511,16,5,Moderate
347,78,60.7500566436338,24.899620206287754,30.027882132495165,11,2,Moderate
73,63,77.27680781039703,40.79140605846974,25.914981308051562,11,2,Low
268,39,43.862459070732086,69.0421558519699,27.961281405794292,5,1,Moderate
258,54,75.7227635819915,33.33360665650964,26.652235016158556,6,3,Low
248,28,46.621113535863316,59.50922247105368,43.799547247130256,7,5,Moderate
86,43,89.68692090585145,68.5099278571842,38.04269715657421,2,2,Low
70,22,48.77348907426328,24.801308465747915,21.24261644550331,16,4,Low
116,52,46.63573447403566,31.420014683096795,26.525674561619404,20,0,Low
111,71,75.65646754071615,28.5244978950685,31.320368740893294,7,6,Low
283,31,78.94199225847541,66.62846468943368,33.38957586191066,10,4,Moderate
437,61,54.90402028890537,3.5477489562880926,29.045516880863012,19,0,High
310,61,21.181803214556787,24.673687106294402,39.303799050358776,17,5,Moderate
115,45,47.09824078618215,54.352684607610385,38.02818058374695,15,4,Low
107,82,92.12652526187105,45.23547996522741,30.154737558845,12,2,Low
97,28,72.76875737352667,34.90314874349554,40.632881603451914,8,3,Low
307,47,78.0046343491219,43.19585817771075,37.53268591327158,18,0,Moderate
139,79,7.954294893731611,15.806766866265463,38.357455461619296,6,3,Low
321,88,47.10735163707439,34.45732972864083,43.6920233830025,16,5,Moderate
419,66,63.19590202917998,40.13623873410793,22.99400823627608,7,6,Moderate
471,29,79.70294152652673,72.09512975636814,23.029444871005474,7,6,High
184,18,9.434628822449433,20.866813024318105,41.6685676707192,2,3,Low
201,41,81.71949970776858,69.42628017319461,38.16679120157038,15,2,Low
488,13,54.356084306772054,51.53931206607855,42.79636624306882,11,5,High
417,59,22.758257351845394,1.6272664854080787,16.89390480973359,14,6,Moderate
242,14,33.552969480472996,57.97050695195149,33.83271231784789,20,1,Moderate
330,29,30.373659657640466,2.844150203924407,19.338850143703425,3,1,Moderate
451,84,52.777313085962824,79.79049014510505,30.11691594877748,22,0,Moderate
485,46,9.651711192001864,69.81093501529583,19.672407955603326,6,2,High
26,31,19.268254264993118,23.78749980320365,18.842355269546378,10,3,Low
349,67,78.14237390382041,20.592898415736435,15.365050361460995,23,4,Moderate
282,77,16.934359167212996,30.515286568448712,33.90716437148713,4,4,Low
180,53,26.005664251231426,28.493357225155442,25.77067850070258,12,5,Low
170,43,45.803354504374155,29.787025470830486,18.15564854636915,10,0,Low
104,86,51.54087993019974,25.46212368955843,24.685133331939294,4,0,Low
166,51,73.72494316527428,49.69067254786651,20.068322743547547,7,0,Low
131,18,45.2599183999569,13.141093097649916,43.250844945049785,20,2,Low
400,16,76.0878158931985,67.67850339568105,24.600146572840444,16,4,High
422,77,60.65116763409117,64.99219872250522,25.018605698681696,10,5,High
55,28,15.178976548144021,38.11865662842163,40.19574010198757,18,2,Low
304,40,19.069829455355475,68.21839722228381,34.432672838580125,17,5,Moderate
207,44,44.33303529047937,19.771605602423463,36.30514822209004,9,2,Low
101,66,40.720045378013566,1.4052364563173558,34.080054119668816,4,3,Low
21,70,71.9189842673565,49.53663400238584,43.385888518456966,23,2,Low
404,40,57.26634258176167,36.63275255717723,21.210024946741356,0,2,Moderate
322,62,39.93197729020244,45.373163703669654,44.67117725267387,16,3,Moderate
216,41,20.368425510534706,71.94715272147224,39.928685326695394,16,1,Low
423,75,25.41533920929456,77.59404588527548,32.66917766629027,0,3,Moderate
30,68,56.795091662215306,50.756251180448245,34.87114873188747,0,0,Low
253,19,43.10949244098132,61.12444718819507,34.464776295018424,22,6,Low
405,11,51.343475797460485,6.7046746789731415,16.751886721774618,21,1,High
214,75,20.360969177201028,12.85724679132045,21.54049495595816,8,6,Low
490,69,64.66156271101093,58.656384396238124,43.844126535742475,3,4,High
138,26,81.72848667703704,34.50923651104016,31.030932865781377,8,6,Low
415,25,28.21455561082105,35.677221632352456,26.35060809785736,13,5,Moderate
39,25,49.236280324864396,24.68861453083493,37.86115390167225,14,2,Low
280,55,92.79745961188117,48.58851067821951,30.735568279674286,15,1,Moderate
312,48,34.99175664956549,14.813203633296208,15.394883142956928,15,4,Moderate
441,40,58.55417104313851,50.15330234511165,37.08712790145354,12,3,High
275,10,13.117613018021993,13.903908570819175,36.96652680158584,13,3,Moderate
241,20,59.541350223149884,5.106082776777088,19.95446136329923,21,0,Moderate
412,13,13.066859597415611,26.428615095924883,43.699802652726405,20,6,High
245,80,91.33118917914399,18.491227360787814,21.71724394623343,8,0,Moderate
72,35,69.40963868650803,71.11933108450658,28.73248102146598,22,1,Low
447,59,75.93438093221357,4.396276309490128,18.44207883782744,8,6,High
374,21,68.36939246944732,14.129095405929828,33.098469583517655,20,5,High
361,84,58.07561324688192,43.89756844664396,26.263533601716375,3,2,Moderate
383,74,45.49215029769548,38.48537526779789,25.595203866291165,9,3,High
299,56,82.25360417849562,3.6681614699761234,39.80930631662842,2,1,Moderate
100,62,91.11521007887568,0.5801942412115579,15.286851385514348,20,6,Low
221,80,49.913255561367315,79.04543535689199,38.93840312677267,8,1,Low
177,11,88.83815442397358,52.706776028707054,32.143456972442365,18,5,Moderate
139,33,57.499961898966575,29.232490472124546,44.58295540440597,15,6,Low
78,13,53.45457682067899,37.634579813059304,32.68329661812747,15,1,Low
234,28,45.9034459659821,21.324009636342957,16.661374024438736,16,0,Moderate
147,35,23.835898537710786,27.58990269545678,16.51935979331179,17,5,Low
243,84,5.334769473625327,51.923557381457115,41.49458959115496,9,3,Low
228,49,26.735560417045512,70.62494390938966,40.236424365331594,20,6,Low
389,59,50.87508544432087,14.73040184649479,25.376702267460697,18,0,Moderate
134,52,39.19639570337773,67.2289204308255,33.540974525434116,21,0,Low
228,84,45.363670520237044,9.724530361461525,29.68774071166801,14,5,Low
33,76,93.25833976076446,17.199377887071297,44.01492165408156,14,5,Low
28,21,36.52451336023948,2.9740230439716786,43.49882702630674,10,1,Low
59,76,45.69646454240971,11.264948967439956,44.515170256223236,7,4,Low
469,36,17.016399621753763,73.38425163712404,40.993463419027925,21,4,High
256,63,9.316195919328887,36.75509972947029,42.28654772325304,15,4,Low
300,75,74.78685631332452,6.213268942268284,21.518363363014092,9,6,Moderate
378,58,56.361485756478075,76.7781470431169,39.930203669693235,8,6,Moderate
220,25,73.46343254395055,70.319384620692,36.26571339612824,14,1,Moderate
265,11,18.487651899789647,60.3746016694513,43.8835952648421,21,2,Moderate
297,69,56.46458940644219,74.67782335580463,32.13785485327858,4,6,Moderate
254,63,27.8278226907238,17.61035366686113,17.55501500131669,19,3,Low
23,39,25.525563521001793,66.90954344080691,32.92196673561459,1,1,Low
173,47,6.037341264768673,55.19929570834449,35.59742784063863,21,1,Low
461,37,16.730665121216468,69.58073996541506,21.60963086137285,15,0,High
48,34,32.83413003497258,63.75292525941038,26.823401505381852,17,4,Low
128,19,15.519088453184514,27.719605054146,32.9551024215504,15,5,Low
117,69,93.72725963698437,61.95188296138045,26.223172119495167,4,1,Low
234,51,32.77693836715556,20.996504238791225,26.24843151715992,0,2,Low
312,49,16.729155203209537,26.287373042244386,18.992599175183923,18,6,Moderate
94,86,22.917408154516195,8.632457377838092,43.22240169232998,9,3,Low
345,51,57.893290550732885,74.8061292784375,37.514831534852895,20,2,Moderate
165,56,10.763917147830966,23.280269072022524,15.03730316598306,12,1,Low
147,46,82.61907171270411,41.64979721371615,37.968398520664955,22,1,Low
360,89,91.53497113134326,31.30662691729541,37.193849779735764,23,0,Moderate
61,31,27.207267860064277,76.79424964668013,15.29192880466569,22,2,Low
375,66,45.508574173177344,26.803933675078593,26.088128928412935,22,0,Moderate
60,36,6.992100592654737,62.283665713815125,33.20243070976592,10,5,Low
441,50,62.663920225449935,68.4332923704944,28.582519555741076,14,2,High
53,89,42.253345224732996,34.84851979847727,38.339583561615214,1,4,Low
36,43,29.305261949140014,30.2537451562345,27.763749979033022,5,5,Low
184,41,23.61533995549476,59.819665674610235,19.615889083615112,20,4,Low
172,75,63.86207698928844,73.03167842449872,44.29246872821486,10,2,Low
397,21,42.4595327929083,60.394538645779065,22.2611997832814,14,0,Moderate
95,49,21.16933601269208,18.17010924734925,36.53076931623997,8,4,Low
106,82,67.01981733381416,71.06461979501643,19.29468934992216,11,1,Low
136,85,55.85650547330243,31.006533394946647,24.87037841351798,3,6,Low
381,82,82.28048494365466,46.09835294223474,28.260828252912713,22,3,Moderate
361,19,15.57283089888436,66.51484954341689,20.766960135811917,23,0,Moderate
488,57,75.70999417500106,15.071581392039377,28.498787291058285,13,5,High
46,29,65.6165108135533,62.76081085420425,19.714884689752502,21,6,Low
332,48,15.350984314528803,47.6930238328542,31.770196169576703,2,5,Moderate
306,69,67.53386568845487,71.46733134620865,34.91139757560582,20,2,Moderate
153,75,44.739255999184735,13.757632147483436,16.87302852084032,16,5,Low
238,74,90.04863070002588,33.654578963274275,41.13396363246504,12,3,Low
187,60,17.74502155561094,66.627447429347,20.554226551261067,7,3,Low
117,45,62.855005173416416,1.538536276540814,21.760872759609715,11,1,Low
287,33,39.37820409166513,8.976109341251428,34.840495202491894,11,5,Low
256,36,91.113320353179,79.24521702053877,29.06253181303242,11,0,Moderate
328,11,34.697740576124886,22.431534287228043,29.98186797513197,1,3,Moderate
474,40,91.59673185426202,78.04345549791627,18.844649536893982,9,0,High
413,66,86.13372659906742,14.602524080693913,39.172074656292246,22,1,Moderate
192,87,29.33449117795907,28.88755544058685,33.511627383126296,8,2,Low
420,75,77.31875991437849,60.22955556028565,19.061461299283682,0,3,Moderate
429,38,94.60437816231554,52.62227257905428,26.21998101076788,3,3,High
488,24,27.73967019541541,46.48979199432445,39.31229798205091,22,3,High
495,21,44.309945239098774,42.3919340644006,32.05065137959862,13,5,High
209,37,51.81626629100837,67.47523549317921,18.259463373987913,15,0,Low
141,33,31.54380222234779,18.795885026671417,26.183311373678603,17,6,Low
65,30,6.373835568142678,35.397674159481475,22.28083195367204,1,3,Low
83,19,24.8116319777774,12.436183372516583,30.52396660961179,5,0,Low
149,87,30.37431959075826,47.675327658456354,40.300833866159685,2,5,Low
329,27,44.923973118636845,20.043553941705614,28.088014044132592,19,4,Moderate
382,23,20.399223057206168,26.707365147470867,28.000260911049693,18,4,Moderate
212,43,83.59289210225053,37.70005732988225,42.16052706981111,12,0,Low
326,67,68.44200194582025,2.1416468562502278,32.28556237521818,16,5,Moderate
200,85,12.668042980369577,7.355034873667012,31.985732621922207,13,4,Low
311,31,63.50832060259383,54.874337656657566,22.857296756261682,21,1,Moderate
390,79,63.82908287650584,34.31759845740058,33.23168243511379,10,1,Moderate
301,45,91.0599056279265,69.18321775999163,32.27731402252189,15,4,Moderate
48,54,5.271878422054512,55.573760291535955,26.905544110255917,10,2,Low
168,45,27.313920482522647,0.6480753317857957,44.720866976975415,17,0,Low
286,31,88.50123314377839,49.336986461370785,41.4567289484426,1,4,Moderate
315,87,88.89205238584547,7.497989284777313,37.487588702304464,22,0,Moderate
30,89,69.85277774335736,62.47465438323954,31.120367652390016,20,6,Low
183,70,73.91869889427859,79.32061506228015,28.861794056838907,7,6,Low
132,65,13.23346621366824,42.49590353932092,20.54692185669598,13,5,Low
206,42,51.24882513004103,54.62236001553043,24.17212422043871,1,6,Low
314,54,25.842469216009945,18.985132871580124,38.21882399469631,12,6,Low
251,45,21.309623925225555,35.00781950030348,28.61246861812654,9,4,Low
246,29,77.92729692109992,68.48762657891069,41.46808549708504,7,1,Moderate
329,27,17.153432301249268,13.393835819700097,19.437334090365862,6,5,Moderate
117,47,47.17864732967467,21.24284844910097,30.250412880409094,12,6,Low
74,76,89.47204156274297,35.634694022882414,34.40897052063926,23,2,Low
130,32,21.72488500088083,56.97991134752112,30.50545368923778,18,0,Low
171,25,93.01940813644111,30.070716383653906,41.67680674754961,23,2,Low
265,68,94.48591871849531,74.2185823826403,44.686898454874196,14,6,Low
425,78,55.00554392141626,7.556564101497534,18.47503975024109,21,1,Moderate
88,77,20.31284661594421,29.6643358035878,18.89864712230763,1,6,Low
331,30,33.44943991468061,56.716329874273754,18.909723406803632,21,3,Moderate
308,87,43.204354940888166,18.078941252919396,35.435312882115824,4,3,Low
269,87,32.839180192240065,52.513050738373835,26.18028286487514,18,0,Low
55,79,30.25720218888642,13.137356658187676,36.99943983797718,0,5,Low
258,21,92.50067382947218,4.47842278893491,27.164144186609363,6,1,Moderate
167,25,18.802834467417107,9.681257339891909,33.828201639961904,17,6,Low
486,23,70.99951178451761,74.39878265073078,38.09574017036681,0,0,High
246,70,5.036926049525738,44.14007063516411,31.446477319647617,0,5,Low
263,80,58.65644024621392,63.70766203837192,31.18510771350018,6,0,Low
356,55,87.43487035586472,26.612360072404098,17.647029758569033,16,0,Moderate
465,41,30.91406846838971,47.41269183083573,27.323452287283047,5,2,High
384,24,21.697337773194725,39.59617069639933,31.373314596748127,19,4,High
220,53,63.65118153905843,75.65903675218352,28.859424769992298,11,1,Low
173,26,69.13412665685539,59.80597088432883,42.023460005652765,19,2,Low
469,50,66.92274670567832,58.44341051972633,42.19591896358468,14,5,High
92,63,33.738519201923665,3.7082615547423625,39.65752141766285,12,4,Low
220,53,27.69821619433978,43.97357352029529,26.2589422611936,11,0,Low
315,14,91.03269199658398,37.35931631214519,36.51897455062603,20,3,High
36,36,88.09695574429365,74.22738132849557,26.858653832088294,1,6,Low
148,87,46.15849489035383,20.58735905516258,21.97780796927277,20,2,Low
236,88,81.15744795389361,21.586676263287544,25.28707930652645,17,1,Moderate
80,52,45.70911298708664,32.90769991052003,17.128938998566063,3,1,Low
446,40,43.19501162652593,19.469577072510084,24.953325270139416,9,4,High
123,26,19.108665283936517,10.33471342469996,28.822266517835146,10,2,Low
61,63,43.37654508427755,68.59318773206407,43.6644268434249,20,0,Low
44,71,53.36752447398263,44.66212195231327,24.402317586588747,5,4,Low
58,41,7.025389468581782,68.90901751652534,42.07360617616562,5,5,Low
310,49,44.97017046578658,66.49078123229567,21.865748274704913,8,1,Moderate
150,22,75.32205965556803,22.563388383173688,20.72906693277748,19,5,Low
248,44,66.20414507368429,43.81899554594192,30.569863692964947,12,2,Moderate
127,14,62.16412899775415,6.657416219205636,35.17534107892218,4,3,Low
191,82,86.85998855934822,73.22015072246067,16.329967524068444,5,5,Low
454,38,6.622880884270701,32.341017205212246,21.6319759514165,3,6,Moderate
497,79,55.13428275730107,31.49409471112171,28.67050999503949,5,0,High
121,34,75.86139635687364,24.220429649436255,24.93013007949544,17,6,Low
373,31,53.72018444311405,36.85309957685631,36.37863238044966,12,1,Moderate
31,75,34.15059973223413,20.140750923635842,30.334817881239502,22,6,Low
294,54,17.262550858278008,29.988181823744362,19.810773168117006,2,2,Low
120,78,84.88067646345722,63.99576388679055,41.83396137945272,9,3,Low
63,81,47.368615314884266,66.74044028681375,23.787170264500787,3,1,Low
462,10,84.03036772871313,24.334598210281293,36.933933268932705,14,3,High
324,53,57.72669101898515,37.52115444422303,38.3974733731623,11,1,Moderate
464,84,65.67729049535006,69.90558210240418,43.89473100768306,14,4,High
36,48,77.3835038940605,4.213866546375771,29.955223995723042,20,6,Low
349,63,64.32399901401209,71.13159695966283,33.475065463932964,9,4,Moderate
76,84,40.82493566110439,17.534747652186535,25.046288804386013,11,4,Low
330,38,51.22700455357859,54.28313953715006,35.34537880236199,21,2,Moderate
322,63,77.27409722082919,46.60413571076802,28.90150457598959,7,4,Moderate
31,25,38.62852667356858,44.23525985514017,28.129570941732666,20,2,Low
337,29,39.93093110916474,68.74881798022571,40.66402587348317,20,0,Moderate
99,55,13.612110445220104,8.125771491572902,16.50506530496066,2,4,Low
235,76,87.3125991699573,27.762242026050885,41.458872834956054,6,2,Low
358,74,13.193268345089756,43.06021970758125,40.562095134856705,17,1,Moderate
283,67,63.33882597037003,64.90310831568318,30.190987606853675,2,2,Moderate
498,62,42.187503092251795,17.31544667293372,29.70608562616885,14,5,High
168,10,41.505745122989815,64.2343873099421,25.854221041064704,1,2,Low
100,75,66.15966529154156,31.97107859951486,44.82521375045203,14,6,Low
234,38,11.038435936689085,15.113108514695632,18.335079982615238,12,5,Low
393,79,58.433520465629115,60.71891523547861,32.706457068858214,23,1,Moderate
483,17,74.48286073751193,7.271912117963826,35.45044770337251,19,6,High
217,38,79.53914820979348,41.181389926035436,43.02990024650833,9,2,Moderate
219,60,20.347735045439777,5.110062708951073,38.40610490570285,23,6,Low
44,42,85.76771450703563,28.513428412623007,34.31541608434641,23,1,Low
485,12,64.0531482662698,48.08614392051141,18.50436950436368,23,6,High
108,69,84.36693207386145,44.489243318977046,26.212005504944024,23,5,Low
287,44,48.67526453991785,32.37243343237332,19.165249276439557,7,3,Moderate
162,78,53.783001058748184,34.32383951776926,41.43638197396541,15,4,Low
78,85,87.7134449325804,18.141564268061323,37.48863466690929,15,5,Low
429,29,85.99185890192047,36.470607073928235,37.726103603916876,1,0,High
384,82,45.33447860321018,76.26038845766674,34.56769553320632,8,2,High
45,48,29.697136847211357,68.03623342270323,30.21130610810129,7,6,Low
66,13,40.385339110783775,11.618629526107505,19.499131783904915,10,1,Low
307,28,39.898789567677476,2.3824629856736745,24.89084660115155,0,4,Moderate
285,54,30.818018748451454,74.68194501733045,19.10747377430672,20,6,Moderate
35,52,29.17216438996699,42.13997999045981,36.747394285570294,10,2,Low
218,22,82.49566428317475,43.027025851944614,19.806863280660153,17,4,Moderate
420,22,11.287572861619552,62.457439656521785,36.06340650515057,20,3,High
426,69,65.98500638896347,25.175117909706124,35.76766168787714,14,2,High
301,66,20.55380463108071,38.55260550688017,28.779134369738667,23,6,Low
488,61,36.00553040546569,77.493033051739,19.05685962354157,8,1,High
105,62,10.538873072135317,53.77189495459257,24.444024784021103,8,3,Low
269,52,29.297627316991584,12.299602559662874,24.602793272266545,0,2,Low
410,81,74.15789640055179,10.658139838748264,36.01155399429881,6,4,Moderate
289,81,84.65137920925328,16.341180666640433,18.412290582411728,11,6,Moderate
354,51,24.937443671213035,61.3369339536574,39.872059386482725,23,3,Moderate
136,35,46.719305533302965,23.630160307249284,37.83021870557742,9,1,Low
26,32,47.329164314348574,1.711107734006383,20.589207545228216,18,2,Low
156,52,83.62177751837608,75.53394908045294,36.57493145336669,15,4,Low
390,86,73.65191475882249,13.577073311592853,35.05539544403466,5,6,Moderate
195,37,51.17694965312449,0.7646548918454865,37.443624003327784,10,4,Low
347,18,65.36724804245961,18.97052819066584,20.667856663460835,18,5,Moderate
334,29,81.26195485184302,18.802302969450693,19.72770966469406,18,3,Moderate
234,65,5.858505862299045,33.76042006765785,22.094519577682625,17,6,Low
496,48,41.26010279450438,73.63118652000294,25.97615109446927,14,2,High
101,60,86.65188505493708,70.33479342232783,38.80994943107403,15,5,Low
242,21,71.62817277595562,36.55156439859424,37.1377181243655,13,4,Low
497,88,53.85572369006672,32.87199239934452,42.76354776835599,7,3,High
391,64,52.66800743316201,44.4007269179881,16.758886772958462,7,0,Moderate
442,87,36.2993087843994,19.476320957741258,15.346688430425568,1,6,Moderate
421,20,51.84684802773631,4.174799357309027,35.974164891023975,5,4,Moderate
462,35,63.98448795171079,75.13793089369653,23.37862487382497,12,3,High
122,51,42.65267345859138,14.935918790173819,25.022366866014526,12,0,Low
292,36,69.27378317529566,15.872058339657311,31.404060777435365,20,6,Moderate
33,20,82.51090045343473,37.79682630831581,18.072393693803956,11,3,Low
178,47,18.921636336637505,39.329067587226454,34.28083249644149,1,4,Low
171,52,45.6392320535682,1.4747367760593555,24.754423386934505,20,0,Low
127,28,41.7218082156573,11.836379101917656,33.98145372902975,19,6,Low
207,73,66.87183236447552,30.25238548485934,40.02020739220157,11,3,Low
320,15,27.48807187321364,54.69845548084312,20.133340000122892,16,2,Moderate
117,55,62.62258234570486,18.273476546554868,42.92619278743561,5,0,Low
150,51,83.97403175583392,33.841155699341016,30.92064423187331,6,3,Low
312,74,42.631843981426044,44.58760517731734,42.68783295521905,5,2,Moderate
190,81,86.9914129981298,71.08739956986336,21.231902466053345,20,0,Low
443,68,94.38473650401306,26.085640186169865,33.13687993812712,3,3,High
493,61,14.548284495315686,10.684661269078681,27.116613519708142,20,4,High
202,56,25.974786918637278,39.14177807180866,38.226665734680395,8,0,Low
490,16,90.53417763338838,59.73772813472497,33.17726829639889,4,0,High
383,20,91.24949178332481,8.788780564218674,29.835463708749554,9,6,High
58,70,13.793654784808265,33.97467933575683,42.389562192930256,14,2,Low
34,77,6.349865033942301,1.4228113009986743,26.313511925150408,7,5,Low
395,34,19.499002093078005,2.684734531780091,21.599406146945444,22,6,Moderate
23,21,94.64115050440235,38.63626905733325,33.24303560556275,3,5,Low
368,35,21.199965494961816,23.855783852074353,33.72085311518441,4,3,Moderate
489,21,50.229284604982084,67.60858392043298,28.17283864715626,6,4,High
428,52,81.357595378746,48.172344490116345,29.59830131068147,5,2,High
416,60,6.836144961938571,36.314636939439225,43.786602428997,12,0,Moderate
229,46,59.40400840326135,32.63482968434371,36.98057074190404,18,5,Moderate
180,55,29.93229039826619,39.77963841516506,18.31805254447731,9,2,Low
35,62,82.61014247957584,3.2351064970129073,21.36390212611833,14,2,Low
445,89,30.511503433767125,71.4234685136528,44.26729903306677,2,6,Moderate
127,22,66.8080148253718,79.86425245871666,36.793966613805935,17,2,Low
401,63,65.67976692026572,14.518969988695893,42.451353784339595,13,0,Moderate
469,66,24.934419397367602,9.630637181969579,24.11584391966166,2,6,Moderate
330,13,8.13192798815151,11.486197075887619,37.25600580259777,10,1,Moderate
246,84,41.83246164068576,52.882164658749375,36.42008125570534,9,2,Low
189,58,31.027383676928274,52.91526707606198,23.840699563181253,16,1,Low
53,16,77.80799746523377,67.83393298227287,31.52448976352116,12,5,Low
433,20,77.03277696098108,60.14611107410026,33.82245333810886,1,4,High
270,63,46.132155697336295,35.97517386954718,29.43395432482395,12,6,Moderate
266,54,59.5861002790897,49.028428925225505,39.81536119974038,18,5,Moderate
288,32,59.38335643882326,55.06277362944063,39.986071253939684,4,6,Moderate
160,37,79.4442333584861,41.018917622818016,40.5180164490467,15,4,Low
293,66,43.25021727108778,38.05207875613093,39.10270707294488,9,4,Moderate
435,35,29.790201181145818,51.60779565141226,29.642504315914337,11,6,Moderate
115,34,28.853142632649273,44.5979639180523,26.443148944470217,19,5,Low
246,63,53.257305135398376,51.51538442687283,39.94128851143112,12,3,Low
398,38,45.42333824589913,49.02838191706911,29.706043756688004,20,0,High
58,45,44.610869388644254,57.535724841092375,22.391141958839455,15,1,Low
321,23,13.20236051807365,51.424280702630085,30.22030596966649,21,3,Moderate
48,87,69.67433666211761,41.57939891498138,19.255494657577263,20,1,Low
465,44,24.236301918371964,54.54374490275092,35.74888471796396,0,6,Moderate
496,39,22.725826718784923,35.958557214834244,25.077638448717188,21,0,High
337,26,42.148248824965414,19.333698077808084,22.81976395342363,8,6,Moderate
264,76,25.500050745602127,0.11345761071323679,43.69526238704235,15,2,Low
255,89,57.547244057721386,44.79713177166745,38.30642987274923,18,6,Moderate
204,39,38.43170054010243,47.25241812869128,38.61208508171795,14,5,Low
291,54,45.40205503335111,77.76391718205714,33.711659078375504,17,3,Moderate
459,88,53.3452389443626,28.918266727542044,40.17518431530891,21,6,High
255,60,23.318197023362437,31.53065942626494,37.774874434901434,11,0,Moderate
258,56,19.017646057897682,16.143966507375218,32.963211124008495,13,5,Low
396,62,84.23797125862443,5.642743618985753,43.83373205555152,2,3,Moderate
285,73,44.03513325482789,61.824359428939246,20.74784849053269,3,6,Low
433,47,42.08842486692853,19.974485147146,43.30139156984253,5,4,Moderate
428,73,8.205093524555734,48.71238888240303,27.04314485996595,15,6,Moderate
378,16,49.81786723286539,55.021842843638524,30.851969502044597,12,3,Moderate
359,31,54.87527494499001,37.69893498333182,18.68217958632927,11,2,Moderate
408,50,55.295678385919985,70.10816904217533,31.20322316765373,21,2,Moderate
84,83,68.63280523905959,35.503587278378305,33.3362025557458,11,1,Low
497,19,20.97336514919106,22.792689843341208,44.93104625425572,1,3,High
196,66,27.700082080755692,71.68124183692979,44.255772332145796,12,6,Low
22,16,77.96574187073715,68.92514273999652,43.991918756228614,2,4,Low
448,59,90.24535551590546,13.12319576611304,25.45164180306172,12,6,High
161,61,17.23394726305886,2.076881468313676,44.73799496235131,1,2,Low
395,42,49.78845990546964,7.198844507969655,28.664344547853325,18,1,High
177,10,24.275862746562815,22.923791884305366,40.55508776285701,8,6,Low
343,62,10.40658515194842,77.78078413933686,21.48959907056916,19,4,Moderate
165,69,34.29530043135219,44.681292252866,30.17499538969807,0,4,Low
465,43,17.93188626657915,29.860938562341506,43.980362883828164,12,6,Moderate
312,13,68.89397660908216,71.09728756901971,43.41094190770282,1,4,Moderate
172,26,53.03528723043,36.25090651827997,35.512046334642804,14,0,Low
451,13,17.94510238912798,25.21909027208169,38.93442967659179,18,2,High
212,52,5.831742956496293,75.2975622996526,20.29280089807204,15,0,Low
456,13,77.73413441217915,67.96141329541425,36.64975648452472,10,0,High
482,10,20.85749655478228,67.49347003355527,33.54152425006117,14,2,High
92,80,59.559497799868936,40.98277944401705,17.746552072537384,5,3,Low
418,59,35.3229721769071,63.1550719052364,18.39477019769029,13,5,Moderate
324,82,57.693734448353204,14.34826874116415,18.253308532537858,5,1,Moderate
396,70,33.408826428409164,45.85783660449949,36.73070804489507,18,6,Moderate
363,44,12.824560462302875,78.70767382780366,19.25145624742717,4,5,Moderate
471,17,25.065500770197822,23.27667444143693,29.031968133434113,10,5,High
159,33,21.925270983116803,63.548186339814016,25.709454176332734,3,5,Low
206,45,43.52174171956795,39.23827257664538,31.515124223106532,8,5,Low
312,59,64.24554050835417,3.1844546577669863,36.194294616582084,8,2,Moderate
80,52,28.74254674517218,61.04155182525339,35.54167611663996,16,5,Low
446,36,6.086294177055615,13.485531551369023,30.4655974774313,7,1,High
399,41,51.704362783828124,50.517885370620014,28.930046208311566,14,6,Moderate
217,87,59.518354042307486,6.853135523757832,26.934467853667762,8,3,Moderate
314,27,91.65834446016287,75.74939179967718,40.85729844913138,4,2,Moderate
459,37,58.05237227839221,23.337910974428873,24.92555414617935,3,5,Moderate
338,38,47.40553034403277,18.117175334191593,22.780974635024847,19,4,Moderate
321,25,56.606146330793344,10.330912325306745,37.29946480965814,17,6,Moderate
363,56,88.51105668758244,75.68017546712382,25.792903850901794,8,2,Moderate
30,68,79.55403310414816,56.952299395304415,40.40995799271805,20,3,Low
81,40,34.06808600274272,59.3328710974471,24.83666155911434,2,5,Low
352,13,26.352892729142354,39.95236491041957,36.05834473723765,21,0,Moderate
245,46,28.637025112946628,37.978222821638674,16.35327018856008,8,2,Moderate
172,26,50.39789357436917,8.801699439318131,26.566886403309603,8,6,Low
218,48,71.964450610572,44.78728764671934,25.296905249026544,20,6,Moderate
71,57,50.289728646466585,19.753319608703237,39.5003621782777,23,4,Low
279,55,11.101675624530133,78.17162662403247,44.01166209684931,3,6,Low
78,57,70.12226303959828,63.726475201211784,28.826438300788844,20,2,Low
91,48,77.53731158038585,33.03936481543101,39.745088314612744,6,0,Low
167,13,31.05480786077477,12.107300695322643,35.99084102872095,6,2,Low
368,39,64.77131653550154,62.826535291102715,44.021579629910796,22,4,Moderate
82,39,43.393271094895404,9.76430136650528,39.33325543028474,7,3,Low
329,31,85.02074201546985,15.14670027976564,17.324341978911917,20,4,High
392,84,81.07030023446659,16.921641419538194,36.398451671467086,0,3,Moderate
262,75,52.288879847867804,44.55125106184755,31.06499146267121,8,4,Low
385,21,67.2354991232235,62.964532319229306,15.493081737969815,22,1,High
349,45,84.50147309198935,25.145190297975375,22.539388761763313,11,2,Moderate
126,27,49.614530907044795,6.773585142023153,42.65265735080679,5,6,Low
245,62,33.19256664399398,37.16307708195353,42.78184118360259,12,2,Low
332,80,72.82995241186231,59.84881929279484,38.96551380601903,4,0,Moderate
237,10,24.80596293062226,17.733107446991063,44.45338809833969,20,1,Moderate
444,67,39.96780332054379,17.593963843149936,39.196356738726145,18,0,High
260,15,82.91545133961144,75.77816218773687,15.306125618557356,0,2,Moderate
278,79,70.19801062423835,76.33229816953423,23.635030209045354,21,0,Moderate
395,53,41.342990472274934,79.23725856492611,15.918725467132885,23,3,Moderate
281,81,24.327005216752166,64.61276812598241,17.823239062126785,17,1,Moderate
24,33,37.03715517490129,15.054733533435645,21.565224508523283,7,6,Low
280,28,30.569373430468968,16.958521663940907,30.10675638976567,23,4,Low
73,27,20.848035914946855,27.21801932179136,40.42596010386053,7,3,Low
66,39,71.8999622209091,25.450602506679267,40.859002684713246,14,5,Low
234,51,27.686289816515437,76.52221992624072,33.4860557567189,18,4,Low
196,42,45.87507231509874,63.12591863053549,42.84527817198705,9,0,Low
28,83,39.727350215249814,57.92070337292431,30.00186979770624,23,2,Low
118,21,93.38696407720677,14.877057924650545,41.67108132399605,15,3,Low
39,36,40.198301973339845,72.76204474898637,28.62195768996036,10,1,Low
397,48,12.198423451707932,66.2296303604939,23.316750222656466,11,4,Moderate
260,18,13.084317731487562,13.091347306233896,42.49238754301283,15,5,Low
80,30,58.167834921775835,69.6936265568778,26.63805227036608,15,3,Low
398,85,58.942719656443906,21.779802909637702,30.102123265333848,19,6,Moderate
438,38,42.68830914343895,6.4695796665684835,24.865818975920316,2,6,Moderate
197,42,43.86593230808267,52.5457845211368,34.88512800872189,8,2,Moderate
357,71,9.85393245567841,52.30437275074645,44.85093675018106,7,1,Moderate
81,24,51.4891859350336,7.594560765249447,15.765406465943089,9,1,Low
164,11,50.42655278423165,25.50814471492659,41.995440180213045,12,4,Low
235,61,18.45943867012501,79.42515698044309,15.117781709677962,17,3,Moderate
22,53,14.345544749983482,54.274133360698954,25.92683643438633,12,3,Low
179,63,16.121524153954145,58.40601332826633,20.05820418868543,12,1,Low
246,27,14.092542184213267,17.033382848344452,37.72025342017654,14,6,Low
288,12,59.87373759830838,6.302565680313146,16.518325222715205,12,0,Moderate
139,16,22.683438716262675,22.152135179275014,31.60454860752984,15,1,Low
400,52,27.62871369687171,19.91187081545536,23.84778401535938,7,2,Moderate
108,47,20.621492973629575,18.763528059844248,19.010107465941065,18,3,Low
348,46,91.20517740036527,15.420345750963165,38.15454636307922,9,6,Moderate
87,67,81.91557168366519,45.98045525243235,21.5225050276577,11,4,Low
417,42,25.744535361636878,26.24827806734574,21.710256361648167,13,3,Moderate
376,68,34.48096645299134,65.62760120380244,23.25230355413769,5,6,Moderate
117,20,23.890355807449744,14.71579342779072,32.60300291484082,20,1,Low
286,77,49.268836351474135,37.17016566948356,34.789977950722445,23,2,Low
124,77,6.764947922682824,1.0926269140863987,15.52807571104035,8,0,Low
459,31,65.42312080071162,38.534585796415364,22.25608908341371,6,6,High
342,75,52.084233483587745,4.467057670117951,27.929125275158484,5,6,Moderate
142,53,85.8775035470993,78.21788094981149,24.959308564836995,21,3,Low
495,15,19.795341589557275,63.247370292033025,41.525119755326585,0,1,High
48,51,77.36983214550185,39.20891813091643,38.631261926592565,20,5,Low
156,34,76.27649130200442,6.926988654348021,33.776706466164825,13,1,Low
214,66,16.446307029519822,47.395635263233146,25.141272479911194,23,1,Low
428,64,40.870330172971485,60.7011000561502,36.0201703453848,5,2,Moderate
245,25,20.31373770300652,15.257380240379623,40.30914038537384,11,1,Low
351,23,27.924845041179402,45.45666726299927,32.8449113207696,16,6,Moderate
189,48,28.692155734748994,65.13687187062943,38.533844006801374,4,1,Low
28,37,55.06127546231955,61.45982221170531,37.47314884199243,10,1,Low
482,60,42.026983858441895,64.23936142937224,32.15211933480967,4,3,High
59,58,90.29595236056748,70.34587398957758,24.36549650464533,11,1,Low
44,18,16.37331277523046,75.01456817275762,37.37346474003815,2,2,Low
280,67,92.63229213651789,32.441692416282876,21.203890990728194,23,5,Moderate
414,54,25.757477619283755,45.50152820183018,38.384650394146014,8,3,Moderate
462,31,74.55865427436677,63.25276208364887,39.13640076427599,5,6,Moderate
245,41,35.50729335555393,55.771185115662654,39.664346387111195,21,5,Low
491,78,17.877325587558254,79.6416182611503,29.18747912935373,1,1,Moderate
143,78,82.21002667216159,1.0942120883715312,20.77442303311265,1,0,Low
482,51,32.79748093128169,28.410657225263254,17.99170800198206,21,5,High
57,62,64.2969863804158,22.482234101616196,37.30083751463773,11,2,Low
347,68,55.97993165779639,20.985268013242766,41.5878415358944,7,0,Moderate
270,83,47.45806784517869,17.802382599910864,34.5251507651072,1,2,Low
408,48,49.62375253836852,56.72990726521832,19.32480181165109,8,6,Moderate
195,24,70.90141226830588,6.780757862025748,43.046893455527226,15,0,Low
109,80,12.899562271109652,59.328706715467064,44.67306043617958,14,1,Low
421,38,65.13625957621147,55.47406736130188,28.00135829804766,13,0,High
473,12,85.62308912587208,20.064330600071713,32.84475867821314,19,6,High
56,19,10.200937731787773,20.2267026532129,38.316855600049735,3,5,Low
335,38,17.658800531030007,50.308846827560174,37.09169370150134,3,0,Moderate
195,88,69.49687430318282,60.973688438694225,44.03361575800348,10,2,Low
480,44,44.35534834201558,70.11884904698924,18.446492732363666,20,1,High
303,15,41.319375873231955,68.17116510835805,32.42174598428417,23,2,Moderate
472,21,17.326997108981224,77.19063953310825,35.75794259019276,17,1,High
480,47,50.60930366460093,46.51079162692089,41.7029527256301,4,5,High
100,86,16.38907800767395,72.69244490722878,41.22328883154452,1,4,Low
133,28,47.89584106794864,64.68106186083287,44.3399938068387,14,3,Low
59,76,73.7253769065491,71.57340994512109,30.36235361813037,10,5,Low
320,17,28.243792209844717,0.9301281028293307,39.922826004396796,23,6,Moderate
243,17,48.27075513617546,77.27223934926488,27.81845124381983,16,5,Low
337,56,94.28143724571521,37.882413027718265,27.669416335680967,15,3,Moderate
368,13,66.79853810186336,63.854639165987436,22.600450934185773,14,2,Moderate
134,60,80.72210941746788,10.176329547022469,39.547118610576895,22,5,Low
205,76,42.33628459044912,31.675287665117928,44.57445317440547,2,1,Low
342,54,74.10748308132698,21.716853041679272,22.690251850417738,19,0,Moderate
75,17,8.645825564718965,23.332701640074962,16.68394764063217,14,5,Low
59,25,16.06200642880205,9.86044959607054,39.46627312257022,23,3,Low
373,86,23.27635336280559,64.46110660344056,33.60690157604269,18,5,Moderate
59,76,41.17567321536976,0.7393851664862527,43.79096401653013,12,2,Low
366,18,81.11703904931869,25.000436558816197,22.56717657230857,15,2,High
480,69,36.16394457091374,13.952843457313202,17.130829740038433,22,2,High
256,87,63.91590741639166,47.12311524866724,29.77326782599505,11,1,Low
308,86,68.8382865323135,20.340192209163508,17.563980688954423,16,6,Moderate
281,80,57.756411867950725,20.719876362247973,22.853700033081225,15,6,Low
235,24,37.15177713531226,39.067051519625494,18.77933582457505,8,5,Moderate
166,80,56.93480075421898,52.215123147274056,21.72396538980236,5,2,Low
355,50,35.80390335107716,9.70437636521309,18.184339584641755,18,4,Moderate
187,31,12.548636469681087,14.040916197239692,43.61717998281856,22,0,Low
111,33,94.3523580367413,19.77397956756141,23.356881403492064,12,6,Low
372,53,16.44642082692598,77.89985712943684,28.316927579776966,20,2,Moderate
78,10,11.511354545245162,31.772199995433628,41.95835422902667,23,6,Low
78,19,84.06776742864403,47.91920725048212,35.31964763884423,7,1,Low
323,89,32.16511948036056,19.323425017278232,33.54112441685323,11,0,Low
188,81,63.526727666615685,39.23676201259903,36.166895710825116,8,0,Low
288,65,34.61051566960096,5.929533950876644,39.86466771316145,21,3,Moderate
382,59,40.230884371502405,2.779371673786155,41.33007803555283,3,2,Moderate
64,21,28.590167481511685,37.49868214571681,34.2791901199508,12,2,Low
364,69,35.87396052137092,31.892743001472965,41.70021824082173,1,5,Moderate
200,35,41.96303605278888,10.950425575346214,31.061925822764305,2,1,Low
189,87,69.83744621831086,55.008114313658695,23.3187256880527,4,4,Low
375,50,51.03825748113126,79.43227927194116,41.40230126651533,23,5,Moderate
210,45,89.92086954412792,31.651745695737,31.24418482239261,17,4,Moderate
174,32,8.769235445489796,49.96469087339156,42.18412762701703,20,3,Low
441,52,50.276149036882536,77.03807538915885,16.205034418517435,13,6,High
207,15,57.58023099485463,66.52279779575002,26.925472546237067,1,6,Low
26,78,87.81772874668465,37.08417786421486,43.43415055087405,14,4,Low
152,52,9.424267125928482,58.99915875679355,22.48950278274908,7,6,Low
254,34,56.614962644169445,10.250803220041922,43.24608738115478,15,1,Moderate
64,27,81.82669356751613,40.968308437103936,43.6170738338775,2,6,Low
333,71,26.773495530731292,22.324822174394924,41.46426942677583,23,3,Moderate
268,22,83.86631136715437,12.893095031692887,31.910041352798963,19,2,Moderate
50,52,6.713906834686264,34.102472500362786,34.408183472419154,19,4,Low
42,87,70.92091662203568,10.481164354689154,41.08850995349607,22,1,Low
445,37,88.98018990517878,55.91880865395885,38.27691247167553,4,1,High
413,27,64.1477895476056,36.49920352426684,33.90281548366235,3,2,High
179,68,44.51263195824032,42.49157060517311,44.46778223612108,22,6,Low
382,69,9.039291482544623,11.710075093452561,35.57029909001082,11,1,Moderate
456,72,87.81024319903659,11.181732887479559,44.26445977343283,18,3,High
177,66,47.32666004224173,46.673234820809924,16.72165423821272,14,3,Low
58,60,7.6097069902353205,78.80077982635571,19.168811122266373,12,5,Low
434,65,67.08389641958857,7.700046659018049,28.54376538001472,4,0,High
101,36,48.36535282186323,22.8585142852625,26.546383826529453,11,2,Low
375,41,16.191078569816966,69.556729323031,38.48204524071083,18,6,Moderate
277,18,24.28446283792336,5.781760980418955,19.81842079407611,1,1,Moderate
225,77,10.804161241026165,70.0708577093561,44.28285537334466,6,4,Low
96,55,56.68641857377162,41.9428786699801,24.45197625782742,22,5,Low
496,76,60.98265313268083,32.66134191411407,27.867711232204783,4,3,High
31,35,50.51680685198999,24.77444514811647,23.242350973200686,19,2,Low
314,17,78.53919197023534,23.769372650227353,32.38090851979642,10,6,Moderate
469,15,82.49079391772122,24.464206595958302,16.758861012677517,17,2,High
243,89,60.406195701481394,70.78424647681567,19.490325167113465,17,6,Low
32,33,6.148083173668749,57.90361841398284,37.37393110256173,6,3,Low
65,57,67.57066901729621,53.57784062649205,20.595017502144117,9,0,Low
174,54,42.61992952283164,63.899931916160064,22.065433546699886,22,2,Low
132,22,55.900173490374826,20.5691730403316,38.789467071745136,19,1,Low
252,78,63.4172541816996,49.443424966540455,17.79903535071761,13,4,Low
36,34,36.52129528943691,36.80529911663608,28.124214683125228,19,4,Low
379,29,87.53886546546148,62.59533081601547,15.69190160991681,19,3,High
242,75,17.05773800748031,24.74048883786284,25.404221979537112,10,2,Low
373,83,65.43606265529337,51.45428934959166,35.96944207832263,1,4,Moderate
207,54,5.392362196092239,70.57699294538507,17.70309839151685,12,2,Low
467,56,88.21859948646627,32.172038095594296,41.650038803362804,12,3,High
363,72,15.125371991428235,5.329766989396916,42.284971288221485,8,0,Moderate
384,85,13.539580713281717,41.28406578734342,18.149711253754052,16,4,Moderate
182,86,34.97068697470198,27.677799024562077,44.7219730912733,14,1,Low
345,64,38.62096574351725,53.778030443774,23.92588660186467,23,5,Moderate
486,84,24.287006509059076,76.08263397988848,17.523050133948182,21,3,High
433,28,57.66094948344122,38.84866543974776,15.152013434917869,22,5,Moderate
474,44,44.86226882377672,37.29521841244271,27.255686872915877,20,0,High
93,62,8.075803013697868,52.366784015316824,33.89429957118353,21,1,Low
252,35,33.76868560297706,8.279800287485415,24.965377497099396,21,5,Moderate
243,23,77.93896222158534,20.28049511400117,40.10152096423868,15,1,Moderate
338,54,67.07313813756818,73.51834604003189,36.4981882669515,9,4,Moderate
431,53,70.23837682218924,53.5954090691013,25.50484595904098,19,2,High
79,74,67.83052316751713,1.0755235186733003,37.029289998258136,11,3,Low
354,60,32.987571924472995,16.37003780472159,43.2146321090775,4,1,Moderate
241,52,13.969752986909828,54.626981282311924,17.792879956290513,19,4,Low
56,32,29.52204656297864,61.15193620500594,24.183118804728508,16,0,Low
496,65,79.86067701666434,67.18876581392335,28.8997781735008,9,6,High
297,28,93.2423718004764,23.37414427056359,29.93970383264306,5,1,Moderate
215,85,49.446231326740524,74.48228770220501,31.26586934658221,20,0,Low
423,64,5.8730319430738,44.23575148623139,24.018807196159457,19,3,High
371,69,17.604033092080613,55.72312179103143,35.01778937947047,5,4,Moderate
261,68,33.987251778463914,47.73910902239264,34.35253510589489,11,0,Low
343,42,57.07268137336548,9.819204373969637,32.334645188148414,20,2,Moderate
238,28,11.758428122478257,77.04917275079039,18.4128516513263,18,5,Low
211,37,89.90215688388935,9.830046391532212,29.309036732878333,1,0,Low
36,61,37.85753059559607,20.39055651289469,25.686806624681267,12,0,Low
31,58,87.13257961323407,65.09023041783841,29.73115409514368,21,4,Low
425,46,75.24696224813196,49.48775692008812,42.65599306545078,19,4,High
420,35,72.9893545264023,67.05193323010856,29.415940294752247,10,1,High
413,49,59.60476218040088,41.25889506992359,15.419423755185356,14,5,Moderate
393,89,61.41054353466601,30.159458829330788,28.165102142523928,12,0,Moderate
212,47,62.42029116946233,73.74763996382279,39.619445401481464,2,0,Low
41,86,61.58492483230239,2.900185401183588,38.40182769654505,13,4,Low
493,63,54.83554082585251,68.49041762824368,30.40170220584543,7,6,High
139,31,93.77726166346,18.465422815022528,22.49307038577946,8,2,Low
229,25,70.90615106831265,67.89890622031743,28.952659887436354,14,6,Low
325,37,74.92517495532691,11.135729073350848,31.91106658254575,22,4,Moderate
289,44,83.52165335753068,46.41751709524324,44.996143148224014,17,2,Moderate
211,69,24.407578645326424,71.04863352091776,34.32534270508132,7,5,Low
194,54,12.54237431855547,37.88317175191124,35.8279479018784,10,6,Low
304,55,48.46049929387388,59.72533390427144,29.743624307041557,4,4,Moderate
223,81,51.26726260573459,64.37372942844468,25.634686523475896,14,5,Low
183,64,79.6263601954926,58.91953669734234,39.38858950941618,14,3,Low
270,35,44.94052213541021,74.02637894996786,29.847969730177084,6,0,Moderate
246,34,56.37677229898814,35.74673844159429,44.84070389893576,20,5,Moderate
455,74,52.43638446621125,13.850035133212462,28.713617228041322,17,2,High
400,15,8.438250538165196,3.8248850961983827,17.04000850942732,11,3,Moderate
479,32,60.36934069372226,19.716789571000408,35.47734411270248,11,2,High
26,73,79.5238957196827,11.455800310419368,16.39924352777433,3,1,Low
48,52,19.175049326822347,44.63589931475844,22.5150479065411,10,1,Low
414,32,58.489856053393616,14.79562697693856,25.6121475833971,20,0,High
52,39,58.42494900017729,3.114696583149694,37.18450756863983,5,3,Low
153,86,19.776646765072286,2.879186309493429,29.827077792228387,20,3,Low
386,27,16.111721635766244,66.52555986918892,15.859377939307699,9,1,Moderate
98,88,93.20467486788363,47.315994515441986,33.505495538277664,14,0,Low
435,30,40.43472526877338,28.646824151470256,27.343087122799872,0,5,Moderate
454,66,25.467955585117636,71.53824341921975,42.655035299013214,16,1,Moderate
478,32,20.419209000893744,5.615728912617088,29.986869334207064,2,3,High
77,54,65.08415422249115,78.42576581822607,36.269254378180165,10,2,Low
490,53,59.85007675945509,49.30334322035688,21.566054769886406,17,6,High
45,56,62.91969106886757,14.677140317507877,37.8292069359496,9,3,Low
449,49,12.920542476030704,54.32552791815748,36.62865931451017,20,0,High
245,60,85.41811251485933,61.07050078268501,42.122451256239245,8,3,Moderate
304,51,40.033975712814346,34.34742266966196,16.014649251575975,6,4,Low
23,16,33.20324657873221,68.9306084996438,28.425020928523534,10,3,Low
484,59,46.61253025229653,12.058592583717624,35.374662082188905,7,4,High
118,57,40.10594591728654,22.307006686208666,17.854917002406452,1,1,Low
416,15,82.72193028252313,7.4793889267191815,27.31812201446737,4,5,Moderate
58,18,88.6334877678103,16.870227248588172,43.26439809198586,8,4,Low
290,66,32.310789480464564,19.098304952891603,28.078034726733847,0,3,Moderate
394,40,82.75422267139594,73.41065527373681,44.56214350441894,16,5,High
304,30,75.33708165797604,6.248775100092496,16.705171832394587,9,6,Moderate
176,49,88.77269051102856,34.193209615016755,36.53489328422674,7,5,Low
94,54,27.117528096729906,42.591894978153036,32.430487087448086,17,3,Low
391,86,56.92632351088812,71.89544430417287,30.01619031396376,9,3,Moderate
307,58,29.709012626640018,79.81569749289707,44.12542204455028,8,6,Moderate
149,29,79.16850414359368,60.27104919358686,18.88951201473386,3,0,Low
194,26,5.479177151395783,77.66327924552236,41.8799685504274,1,1,Low
481,37,55.83372465977565,62.9680906028699,35.73721233409831,18,4,High
103,50,35.528308814472624,77.05621127771333,22.76988219898898,9,2,Low
41,75,34.04153363700382,56.58165807555641,42.0500743689688,16,4,Low
478,34,63.04156914784253,6.3810740360856855,27.878847535830396,2,3,High
46,67,81.63360043825945,32.15361495941412,39.426819842192124,20,2,Low
214,50,59.82758522539936,51.72778270419763,26.665095511422,18,2,Moderate
356,15,81.78556807820502,28.057480756340077,40.52792482299723,18,4,High
401,84,28.8137400692927,21.87071344910229,34.09887355335146,21,6,Moderate
255,47,51.755166928848304,46.19194137064728,19.231399007511815,18,4,Moderate
459,15,45.54828851603684,74.6801501361948,34.48989490408583,18,4,High
111,54,6.04804095527866,2.798549881292285,20.74034288105618,14,4,Low
496,84,55.11309288266661,61.53849628331501,27.35767883682488,17,6,High
40,23,64.53718917315574,57.81818224357017,20.10886752756101,16,6,Low
322,75,58.2722963977163,77.11627403106297,15.660483470013558,9,1,Moderate
483,49,71.26519089050794,74.45689778660349,21.356596183498723,23,0,High
376,12,56.42055756077694,60.97860496353543,31.091160711723774,13,0,Moderate
462,33,11.007522936568122,41.632701174607895,29.44682903332038,18,4,High
103,28,15.480097167624029,16.34140425868159,30.04491286608191,22,0,Low
281,27,58.682711978955716,43.61885746604595,22.43060635339804,17,4,Moderate
166,73,29.748127277627617,61.22815951357231,35.55483601842559,10,4,Low
460,44,12.168061613128925,71.65353701103145,36.12789860461037,10,4,High
472,71,43.66424691036921,63.176960736843924,25.739034766789967,11,5,Moderate
406,10,54.88903382752898,15.621354815284318,41.43510265422523,7,1,High
276,34,34.58713895146459,47.97490513824475,34.320696499066436,15,3,Low
77,54,69.83903320032002,26.57387676250856,36.39117825775895,23,0,Low
399,58,62.93935472911202,0.7364533912514393,23.32019753816818,7,0,Moderate
441,25,34.95365249825048,16.017674863093283,15.018349054667611,23,1,High
34,28,72.93852760177046,9.057651994675942,40.96126836306328,13,1,Low
181,32,63.38255382797319,67.41752988315748,39.672731537394256,22,4,Low
464,34,62.370084084611186,20.68050017182496,18.695756641284905,17,4,High
182,25,54.80849307083612,22.77583751100444,26.223154048689196,23,5,Low
339,63,6.025070127969752,76.79492574391074,34.840179251657474,20,5,Moderate
300,82,67.68564651292002,30.326937843908173,34.56332571656185,21,3,Moderate
299,10,38.84376119982408,0.7668512115515647,40.810510044256695,3,0,Moderate
31,51,89.834873914279,22.707691867690922,19.20804484906286,16,1,Low
293,28,78.61862939694848,9.543966448144996,27.898192433553564,12,3,Moderate
290,43,57.8925022578181,8.224684938868316,17.916732537792743,4,0,Moderate
227,89,27.696378363734247,6.198983210859961,26.687857453158845,2,3,Low
46,64,23.334565394989994,47.460757614030186,15.453223367631132,8,3,Low
91,27,35.634635390979426,15.14781789038869,41.948191953303805,19,6,Low
79,43,47.891114922201666,28.899423523280838,30.811319904860433,17,4,Low
449,54,31.645895903505238,68.96141729040134,40.49406782407061,19,3,High
492,15,51.34365458532345,33.94705118370205,16.797141030100914,18,4,High
164,30,19.883338296186736,73.25530800413101,21.82374331418762,18,0,Low
112,79,92.99415315429499,39.8350442716485,22.781399856635417,20,5,Low
328,57,14.713209946849448,31.90692918718046,26.600744839163642,15,0,Moderate
27,48,88.87497256889348,60.03111416725613,39.08599117192638,0,4,Low
98,40,87.22202102624254,5.854007901440168,26.59673621194478,4,5,Low
46,19,52.28244336375482,7.158270638593391,21.13960588938981,23,6,Low
193,39,70.24192446524759,52.15789711383685,16.94970781016305,14,2,Low
69,27,44.2443468175329,38.95525705913986,17.384752450580624,11,5,Low
218,69,61.703111978819436,63.233220025536816,37.80141617882932,0,3,Low
406,82,35.65183436790068,73.30166698748252,28.34408973109899,13,0,Moderate
368,24,32.10431178069008,31.0693502137238,36.78543366000046,17,6,Moderate
467,13,57.04068075525623,47.7128021267717,35.468613652910925,17,3,High
447,72,49.83167067655823,40.05573022362479,19.060873852807735,5,6,High
200,49,57.1582732234983,78.52885245139463,19.286638025768017,0,5,Low
43,18,30.79945231583207,66.48675258852761,37.66026046302402,16,2,Low
335,18,38.02620486352957,72.93901666218828,36.638048804562516,17,3,High
397,35,12.550816456601837,20.347207006208336,26.34092300622931,14,2,Moderate
406,13,9.704873504498515,61.80211385300755,17.322667899985202,11,1,Moderate
423,25,27.811141670571462,21.237857999811915,15.362940650953567,12,2,Moderate
65,24,11.68221733974912,16.69940267427119,23.644708483852348,19,0,Low
34,61,14.339723777126663,75.54129277244407,15.276668207616808,1,5,Low
172,78,78.16355648545434,1.5443533374293317,21.902178633111102,3,4,Low
241,14,8.498632731502038,77.23109629307437,27.585022206340156,2,4,Low
225,29,64.30485145412685,11.940951759104497,18.642472959358628,18,3,Moderate
474,88,29.530197393386047,65.55504654346146,18.128332734946387,7,5,High
292,27,83.43911126373138,22.073804245448247,41.8931230715621,11,6,Moderate
401,11,48.64930561197496,28.056186194458192,32.56410087068667,11,1,Moderate
255,22,32.501881339504315,17.340616905758797,43.03367060288345,9,3,Moderate
359,13,51.587504212049105,46.841123398486374,25.374784913570377,0,2,Moderate
247,51,39.37622171407419,27.847643800629925,35.31434811987489,4,4,Low
28,83,55.78709582028472,52.59144315957306,21.140750238653713,19,2,Low
185,70,15.307958149371341,1.251785435365278,33.55020951839823,10,4,Low
451,17,94.7291452531296,5.149990681203169,18.887571900299534,8,4,High
463,76,43.300028992704576,7.972892218499892,15.062419175288573,13,4,Moderate
338,72,36.34075757366318,33.51949482481849,42.94595404228737,2,5,Low
233,18,68.91888634846384,65.18369381279808,31.64683128525628,4,6,Low
136,20,37.75094658457992,71.05423283027062,42.808219883461184,23,6,Low
405,51,79.9946874525882,19.58485920487206,25.01494571106216,20,6,High
363,22,45.884365192438274,45.94957793912112,24.833582074852703,8,0,Moderate
91,45,69.76025719388915,61.46919941540804,27.01965005319095,17,5,Low
414,22,14.67078947976979,23.106354393568694,36.18122951874505,5,2,Moderate
83,21,81.15072669996006,32.72061893890186,31.974259025585226,20,6,Low
224,46,71.21461881002989,41.917936214857114,42.76064721297354,6,5,Low
228,83,24.054510061576913,10.789987712643816,15.76322703397318,15,6,Low
91,82,18.0757408771208,2.078583498062425,36.24587813917609,7,3,Low
296,61,33.4663113853062,12.22446474546266,24.909830680996627,22,1,Low
293,80,92.84635274287139,50.148289700282675,20.407009554553834,9,3,Moderate
497,11,28.114841711035275,5.889460922694534,30.31186867560297,4,5,High
339,65,46.051448805197,15.175709188010265,30.151913525399877,10,2,Moderate
357,69,7.701820314560268,27.028310855624298,19.11033086065285,20,1,Moderate
385,32,40.750477660960925,6.229605144509307,21.056881683986695,12,3,Moderate
114,49,56.41880138897925,15.335941692930755,27.244939947046646,19,1,Low
185,73,90.78121512571686,72.90158311868089,27.26434237176946,1,2,Low
51,32,51.5062440446058,1.5439305781587809,24.52674418859054,13,4,Low
30,38,78.7196593559919,52.27455393394897,19.456354545299426,8,2,Low
320,87,54.24148783120105,30.752714473214795,15.131210373029386,9,6,Moderate
236,60,8.67065120919663,53.81189915458969,44.107051872840614,9,0,Low
308,78,33.35074476707966,47.09533762907236,43.30497689111781,9,1,Moderate
121,40,56.79945570479929,17.879900348371542,29.509511375284056,18,2,Low
444,59,90.55345693380119,67.77675900587109,44.85155259825017,10,4,High
411,29,82.321732377611,39.355230608748535,35.2096299234673,10,4,High
286,64,25.55200527609629,65.80288151307774,17.065726128226245,2,2,Moderate
233,11,24.809884701724716,32.481002895057536,18.53154597247882,18,3,Moderate
198,34,23.105567040251067,78.77484431321912,42.483325316089136,23,2,Low
107,22,88.02490066722528,61.6391486801037,33.901566064488854,21,4,Low
60,79,81.73995377915486,77.27601640900588,40.29550879972054,0,2,Low
420,76,74.7395089027654,41.14611831278871,41.94808948901533,11,0,Moderate
95,67,40.346160280180484,37.89529058325604,28.438260338471583,14,3,Low
396,84,50.394263386889016,60.436304746020625,16.455778547300792,13,2,Moderate
65,73,46.789857031563756,70.42330104107441,20.64841046691966,2,4,Low
179,78,27.80582968034354,77.13166366924465,16.997158419073052,19,2,Low
482,68,50.45252415338903,25.964152482599978,20.66219537095522,12,6,Moderate
99,69,7.744689306747902,63.896365907411116,27.315987793676303,17,2,Low
329,71,16.862933614771325,16.851647810842934,18.54590431544956,15,1,Low
105,25,84.79306365520517,43.645947739635616,20.001997434160298,5,2,Low
111,77,72.6511790328281,14.387851872735933,28.374653462150377,9,0,Low
167,24,43.05815681531784,27.79178894002711,25.205128511654685,16,4,Low
180,64,51.543532605548954,74.50866937651674,29.02974372564123,16,5,Low
221,44,38.29989973639797,11.687255981846887,27.87516083277186,7,1,Moderate
443,64,71.67018804446052,50.59207161081572,34.334340779396506,3,5,Moderate
435,23,75.57684613088716,47.43634183419226,43.11568646627563,14,2,High
261,58,73.69566711828432,9.659068216718918,18.235930153327274,0,6,Low
372,16,70.03505523510046,26.078323501504972,17.977804479275846,6,3,Moderate
21,39,23.405390482351624,45.03852036122126,40.58418333272706,9,0,Low
244,58,35.41729813164309,14.97428871907922,30.191901139573773,6,0,Low
308,25,47.28608914853074,64.04989251302523,37.99215070705327,0,6,Moderate
252,60,34.77136922848901,77.77252076277999,21.462657108218444,16,0,Low
480,81,72.94461801424961,17.180751996997763,39.865877195026556,11,6,Moderate
433,89,34.64181718249592,14.952957183246074,42.71539872578088,16,1,Moderate
436,51,17.440887810680344,36.39480574379557,34.064490466394645,14,6,Moderate
96,26,40.913640684347364,59.82122217120257,18.176370644214067,23,6,Low
135,72,93.19229895041423,22.52804881882011,41.85884442469016,15,2,Low
173,54,25.32932716402183,1.5903926957824321,38.77463182110214,22,0,Low
425,86,60.09427930489062,43.29765024263152,37.526333295434696,13,2,Moderate
122,16,43.967574485573564,76.5280454213846,16.101845667177468,2,3,Low
213,36,11.392211088439396,31.302148432555647,38.968875757709135,18,6,Low
185,19,48.908894539825354,33.61076433464803,19.138530314050712,11,2,Low
378,43,68.19478957834812,77.51213736912304,21.67158528590665,18,5,High
109,45,51.189797824503685,55.56860893013827,32.31404504607772,17,2,Low
193,34,83.4895457371923,57.53375382737001,22.94942318750649,13,2,Low
141,15,31.004331499182438,45.016160429685414,34.84044618935759,19,6,Low
162,33,12.762425417356843,77.96873686905933,33.24211343097245,22,4,Low
125,27,89.29090504922056,55.10931875404449,18.244487940397878,8,5,Low
394,15,39.03767145753971,71.60262012841356,34.68043738774519,2,1,Moderate
447,38,56.876499630827006,55.9503092586577,42.718647294747896,22,6,High
324,34,76.28028135171763,58.809265987231676,19.833297155574993,11,2,Moderate
379,64,34.18822974880226,23.232873771379722,32.91186062828662,19,0,Moderate
478,55,69.454808435985,24.278295841105518,25.255961158100824,16,6,High
336,33,17.187696483604523,62.63877196608234,28.78835015320812,4,4,Moderate
470,84,31.216437248495474,23.736503133591967,23.610005372369095,7,2,High
142,35,18.02395725228679,45.02160566412253,25.62391909043086,18,4,Low
409,37,78.01075025612221,19.948184872536157,15.867354697996719,3,1,Moderate
28,12,25.038431170410682,65.35867046472555,44.44655213751662,14,6,Low
281,84,69.56631998646893,8.8401080982152,33.74399766218245,18,4,Moderate
92,47,89.89685575210873,66.35573118093316,30.02116771481656,14,0,Low
378,70,52.49949881619893,48.21838404060814,26.5114604850098,13,2,Moderate
242,87,53.602627303461894,14.952762786166183,31.18123676472083,15,0,Low
435,60,46.493021128803086,43.36283084048945,26.40317996147412,23,6,Moderate
60,57,34.330112905427846,22.599906947787236,25.797237824810196,9,6,Low
389,30,47.80895278324254,25.87738677843973,28.918396251660393,23,3,Moderate
223,63,59.25267790400835,28.122243327750425,23.279491010135725,13,4,Low
283,65,93.73924149535934,5.065539757785675,20.401496999003562,19,4,Moderate
347,68,89.39881033864017,78.87693475211339,31.698176945408804,10,4,Moderate
197,81,82.59376624638097,2.5227702504979277,40.282963084509035,1,5,Low
367,60,85.02174821343725,52.99974985474228,19.58484533177677,18,6,High
337,29,47.106426496283866,29.698211820594445,15.98203021812656,2,6,Moderate
103,68,64.16998944597184,51.68082327573592,22.404352354621082,3,1,Low
337,80,85.55600506425927,28.4998602470067,44.39161930361432,10,5,Moderate
130,18,40.36556884922177,53.9000517007087,39.86274221230018,12,0,Low
270,10,91.5586230510922,58.338840757468866,32.8759816058579,17,6,Moderate
402,38,42.420745586226474,55.24421123197158,42.877467457294074,17,3,High
26,72,59.097439885389406,9.116958508652182,28.35837350511734,18,1,Low
478,81,68.88242419451348,52.55145877237477,44.49841807725522,11,1,High
103,65,90.55328117683445,22.399003956327785,23.88906135357852,0,2,Low
227,77,27.015464664703945,2.3041096455466814,22.20917248547817,23,6,Low
407,44,72.1517880414778,33.18645375111632,34.14144603441033,5,3,Moderate
409,12,51.873402752967394,34.68344822430409,26.344619038510814,2,6,Moderate
333,16,29.170142655857696,37.37393066819572,33.790966259287735,16,4,Moderate
41,36,74.89461558167515,56.3859332312573,24.149865549080573,2,5,Low
429,10,54.70000521564619,24.70750473139673,33.53754770513973,0,4,Moderate
402,89,64.48764385847082,25.222441048313804,23.272387817551092,2,6,Moderate
22,80,34.06109617201109,4.8441804993008475,16.529162064566698,3,2,Low
146,53,48.31465566448445,54.94569727938368,42.3640770576955,5,5,Low
316,50,60.56188258892604,45.42608731196672,41.496156056203866,6,4,Moderate
207,84,41.44197328428596,27.954009015503047,44.12394447818016,22,0,Low
381,51,22.85352858629312,56.415118313388376,36.49581528664214,7,4,High
33,42,91.54764430837736,42.98861993815017,35.481635332059085,12,6,Low
478,59,51.032078603835565,37.53959566964318,31.770092102244924,3,5,High
485,72,71.05283332589305,40.905963492890116,18.77827249057568,5,0,High
31,46,41.994247420045234,50.907850021364524,20.6770593284781,10,2,Low
106,68,36.96185876231447,52.80020836596796,23.684090660176086,0,2,Low
31,57,41.64478686204125,23.116625531257373,41.70469087720183,7,0,Low
416,14,41.82769794070848,11.259469071292258,20.189085738092253,21,5,High
44,57,53.97621043477582,12.5307344952415,42.68619523463672,1,5,Low
320,12,53.912288298322686,51.15127087224013,30.683571991542514,7,4,Moderate
262,56,49.74384342945845,69.82986286137007,36.467089064192166,19,2,Moderate
141,71,17.13072064256943,32.759702267644144,18.307334600416997,8,2,Low
166,23,49.6467930650478,13.56161282635699,23.071006463277328,3,0,Low
74,72,20.219351037858633,60.52819986350837,43.755558245442785,16,2,Low
257,70,16.352220766618863,66.59915795355589,22.98449840789194,6,6,Low
375,40,88.9381145607051,70.44659544967732,23.895651611734383,9,4,High
192,26,59.44550118329338,48.546514313098655,20.927921545232383,4,2,Low
411,33,64.35410523121259,68.85828475104677,18.872209959204884,9,0,High
240,32,41.16143033000274,1.2331966758726143,21.99772924361994,11,4,Low
138,59,86.80828027233778,8.578864141561882,34.269806758523956,20,3,Low
328,87,62.41374406216989,7.4060853641679,28.661032005106904,19,0,Moderate
202,88,74.22528825712287,57.00837474037864,31.612675090136957,5,3,Low
307,88,38.170622212494244,5.566542683486322,18.67094486298073,0,2,Moderate
326,79,91.40106927372129,39.70914979730456,39.063493414887006,2,4,Moderate
319,36,78.84151611424835,37.81655189090313,38.522841017395436,6,2,Moderate
101,24,81.85536167130893,24.856281884659275,15.647697334280261,10,4,Low
473,59,20.497484068317885,69.63241359536798,26.50545283530915,23,1,Moderate
421,45,29.386688708409757,13.63465615039968,17.063118059134435,11,2,Moderate
230,17,30.706393971521937,28.197022751939187,38.76317338244874,8,2,Moderate
169,88,29.381830092218404,61.93372000183433,37.118090493771135,0,2,Low
56,12,81.98673458938592,2.4337851514627395,42.05964282879468,3,5,Low
371,71,7.86963156877329,53.83603201970949,22.092118768593437,1,0,Moderate
331,56,11.848999008269686,65.31181810892565,28.688876493833966,1,5,Low
380,86,29.652338356691335,74.58142710705337,20.53463631493193,16,4,Moderate
78,70,22.98856771844993,70.10373123931879,26.137048034223582,20,4,Low
150,41,25.867365249456352,25.550729346694816,30.66729754700652,1,4,Low
431,22,76.814887032797,46.909131305836205,16.59992369515767,3,0,High
221,10,55.68139345028422,6.183479452037268,36.44611232032156,10,4,Moderate
262,43,5.519359516367119,20.629600283840688,31.298800811132256,18,5,Low
54,71,43.63904891337757,7.537790299800591,39.8687705163202,23,6,Low
464,88,41.7096434165323,25.214983212317108,23.153415035735918,12,5,Moderate
112,87,15.255074250008917,70.01497707669832,42.09963315807764,21,6,Low
457,80,65.85276097413114,27.77334717394341,44.9608275909133,20,2,High
466,40,68.1887469541542,44.95184824011411,42.57895315133023,17,3,High
226,73,69.88038971468879,34.67046784919526,38.336774274994625,18,6,Moderate
372,34,70.56238510027329,36.713321943898826,39.37106408621342,23,1,Moderate
410,47,5.0047544239067125,77.56576414692466,32.21232727633759,14,4,Moderate
351,23,90.85287234620499,23.692357461108635,20.704615887378317,11,0,Moderate
324,17,78.27878903491967,50.185957561853705,35.311220554431515,10,6,Moderate
369,63,86.35835269303567,33.605013566355765,36.38259006179794,22,0,Moderate
232,11,6.407896577669073,4.891694483814897,44.56155420803717,0,4,Low
178,87,89.04729162071655,39.14646652993888,31.239039487689656,15,3,Low
461,65,77.88096758192943,65.06746632360867,23.14107045075169,12,5,High
464,70,80.34972286628287,7.9002374945350695,35.510175652185204,5,4,High
43,31,13.395864624977166,5.567347791704718,44.38127458999364,22,0,Low
423,44,71.49002260267379,12.290521631461333,20.31641724807282,5,1,High
312,25,91.39250206778819,61.152008911144485,24.77993755606808,9,3,Moderate
23,59,66.06926072763446,57.91963073157903,31.256428613180432,1,4,Low
239,52,56.350526416214585,45.20142151248884,20.106439046460146,2,6,Low
383,26,90.10667099740972,37.45811232741059,15.666619185598151,5,1,High
401,89,44.86434095609924,71.06606517620976,25.109493673237516,15,4,Moderate
39,67,58.936420967943086,61.3358259066786,40.96112404503174,5,3,Low
463,11,47.87044641449295,64.95538010414441,16.304051979711446,23,0,High
171,13,88.95615992242692,65.06098410805234,27.867871770507524,12,5,Low
69,48,11.847625408895652,51.41737237964464,37.866023187782474,3,6,Low
196,15,50.100773074281335,36.64116994527567,43.595477907326554,14,5,Low
454,78,66.82571972468945,69.17422020685203,44.56426197013297,5,3,Moderate
115,78,76.27158845800132,74.08059340826006,27.65908141826225,0,2,Low
124,29,57.47167826997227,1.904483460667441,43.511528831373525,8,5,Low
439,73,86.80259697093086,4.124389861300104,16.062569198425912,11,4,High
269,25,89.77923021954845,76.69946375267499,37.37750813995669,22,1,Moderate
136,60,10.788730087422516,22.172849107535583,34.282381039008385,10,1,Low
373,46,41.213348558723695,69.8695551719535,22.485655727584568,12,6,Moderate
247,82,7.1113119549039,31.103609516912208,30.219555020389468,0,5,Low
85,78,34.64749916369986,9.528004608748448,18.886612132814868,18,3,Low
354,51,53.31813961735419,6.435456016746741,41.14791452854683,20,6,Moderate
437,66,86.9715437458954,12.520631926436518,25.73694256636944,3,3,High
439,75,81.18988902188626,19.991455589389176,33.781334113971496,4,3,Moderate
281,18,16.474975400478716,39.08146831446609,19.76328858861787,22,1,Moderate
314,73,13.372733726680613,56.11983204526268,21.184945338936213,16,0,Moderate
445,31,58.03406048810003,78.911886118824,44.75869112409456,4,1,Moderate
262,43,52.89061752129044,35.320539463133684,37.59259183323988,18,0,Moderate
390,64,28.973987728702145,41.45479538744879,43.859156093222126,2,6,Moderate
205,38,85.95077760984518,41.74525611066045,23.875534956361324,10,6,Moderate
265,47,88.4629768515398,43.15474843903488,19.93688629859461,1,6,Moderate
144,27,41.23502945061464,41.41925256835698,30.092053904364928,21,3,Low
287,80,85.12723014021682,0.7019804049534262,29.8400484668203,13,2,Moderate
150,74,39.55540048366753,0.13798576878725655,20.248395412739637,5,1,Low
256,10,71.31351486467301,7.813305450089834,36.99658708744231,18,3,Moderate
37,13,47.83479957929517,8.124528274334306,25.85332603316202,0,1,Low
59,13,16.03248408564647,56.391752716383685,20.590956927915517,6,3,Low
40,36,88.51407811133194,16.39328260127998,24.959501836298653,1,1,Low
418,52,45.86869340397829,71.57712838044903,31.909760989050454,23,4,Moderate
244,68,71.10383362901632,74.28850636616156,36.794127965413296,18,1,Moderate
374,41,38.045643298816294,78.0714670316719,29.45672658172454,0,4,Moderate
301,42,6.6992790718611195,75.12650439096161,30.767849694851204,8,0,Moderate
27,37,14.047732282265232,21.75106575348197,19.16837807828245,20,1,Low
119,64,49.659753154093195,40.782147576281,42.44072774124696,16,0,Low
259,69,67.09679214137262,14.03639761575528,42.86172593976133,9,2,Moderate
497,79,35.126179392135114,64.49677241379464,35.502797712540115,5,5,High
106,71,67.59396132598853,71.07453641152769,15.52894226802074,2,5,Low
317,89,67.87720304887604,68.1031071438012,31.11222647709978,19,4,Moderate
447,43,68.35423165950478,34.66935589574679,33.876569162658406,23,1,High
33,65,49.326966861845754,60.69391077494248,44.8396266887433,14,5,Low
353,22,87.33975351093535,7.806333566101555,44.882008655843904,20,0,High
21,65,49.0276866182554,3.2195816495400553,40.72833705976672,21,5,Low
394,27,45.523867414697435,60.25891314470087,16.914929760783405,19,5,Moderate
312,63,22.94427371095643,34.0284219462947,43.598291723361896,5,3,Moderate
344,86,32.68895786207028,79.64394117916554,33.37983741455997,2,5,Moderate
441,52,8.810104326647302,7.780337268442592,39.02660311437538,9,0,High
60,48,62.01817642545532,68.4502145228187,27.215785490575605,11,5,Low
337,70,27.36821695343836,38.39864524231934,24.590084137037692,0,1,Moderate
335,51,32.37397290369186,66.17201564031016,28.89732436451424,21,5,Moderate
400,88,74.37330694978891,65.37018257361159,19.406235389064808,15,2,Moderate
130,27,34.44990648453085,73.27936010896619,25.71198416259918,16,5,Low
33,32,26.797630281182798,23.82800090288822,40.72852499304836,9,4,Low
250,63,20.21519742203352,75.98394827696025,16.138514587826446,11,3,Low
492,39,74.73725619637604,12.133356828609623,19.526341404738133,18,6,High
103,67,16.67356321910242,6.557502207479242,18.753484789484567,7,0,Low
149,77,45.83783842253182,34.529241389787934,27.092266281006843,22,5,Low
250,76,50.6237104469475,66.26583749134741,44.90960702672585,7,5,Low
345,80,66.86509214171431,37.873690450675646,20.20073790634148,9,1,Moderate
164,27,61.99551340996959,66.34293420244113,19.364479487977803,9,6,Low
398,16,77.96486056506573,58.374944463544416,42.45167189328463,17,1,High
364,49,9.027629053361434,16.754270891114686,41.46151550897897,9,4,Moderate
47,79,31.679665230145748,75.9105299919571,15.967211099896634,6,6,Low
85,74,30.212070689784177,4.862493490352273,37.55117880537945,3,3,Low
182,77,18.141521503289738,71.86237660350359,34.663971044292886,0,0,Low
248,58,31.026042847079882,24.35547591922992,38.03222429558127,10,0,Low
280,61,32.87887827286131,40.01184665315194,29.835073643877664,18,0,Moderate
468,38,51.96960157347304,33.78814981605876,44.741376553448866,4,4,High
443,30,64.73340310336305,13.746764553353295,16.315410561328896,7,4,High
479,87,39.299046225063265,28.65174931213545,22.031147592114174,1,5,Moderate
459,18,69.75232081820431,15.434754903423622,26.896379609208452,1,3,High
183,56,35.2548804721622,16.310918036841908,28.493338246971096,23,0,Low
320,85,31.125530958328433,14.964546882110428,42.641022080985564,13,0,Moderate
426,51,53.70692502713219,39.12139042772754,31.800130922317766,8,5,Moderate
322,60,7.134472427521155,63.83450940090525,16.353329865611816,9,3,Moderate
306,65,12.181021127060033,45.51760270089928,27.235888902769858,12,6,Moderate
414,60,42.617258922787435,71.45652708406735,27.494712371072097,0,3,Moderate
29,79,89.86214402525809,50.923559086137935,43.96472815313354,13,3,Low
214,29,69.93606018590813,55.147209250608356,32.97591273063325,1,1,Low
137,36,12.931391255050197,53.40857837816025,34.06953213476817,3,3,Low
289,47,81.16862115027864,35.95673545469929,36.397590937538126,18,2,Moderate
99,81,70.9070693547363,55.147105776006626,38.1011794704637,0,4,Low
477,74,59.98518731323878,5.576619717516893,34.051532106074674,3,3,High
112,63,78.82636645482596,68.78811775325305,22.115830534018066,10,1,Low
285,33,41.36988629686614,62.224971475513385,41.221377430234924,12,6,Moderate
351,56,24.935094576846748,19.618396658534305,36.96359401231891,17,2,Moderate
369,80,51.08210501978834,61.44259634032659,37.25611455290868,9,1,Moderate
380,72,54.395758003412645,1.0114081120014795,44.89670217704247,4,1,Moderate
276,66,53.449373480892085,17.37972579847043,39.07579604589948,0,5,Low
152,64,55.85664123320947,5.210979093671675,39.8745420946546,13,1,Low
295,69,90.38344264152627,62.418153329431576,43.542165471304756,15,1,Moderate
283,71,86.20210607866082,60.46993209427097,19.534019995466814,23,0,Moderate
190,39,83.81453329030455,65.09088190414646,29.931821294342036,17,4,Moderate
479,31,77.12751298177645,0.3585354660423068,32.41701070772363,2,5,High
20,84,89.90852965387569,40.09861813427264,24.87827187667373,2,5,Low
332,38,13.864517751146293,56.38689580138692,40.18210031683517,3,0,Moderate
83,50,28.861093530116555,12.432090299121237,37.87258864937171,6,2,Low
393,51,49.55503510891264,51.983258201009974,36.62649223524372,12,0,Moderate
487,74,81.18810438110647,6.728807944774857,44.91448319274501,8,5,High
303,40,50.46491403704592,14.506068488345054,22.781441202251713,2,2,Moderate
140,39,72.32312654074299,38.06374519956808,37.06371755026264,16,5,Low
126,27,17.50639147240246,52.28521221448816,31.542134247177017,14,3,Low
440,26,27.717243167890416,11.669530156311687,24.389675474816283,9,2,High
194,47,70.85984855339052,14.817866466475031,19.817606121693775,14,5,Low
223,23,19.826060799895163,16.35570936525304,41.87651511202641,0,0,Low
184,88,36.622034118943404,19.096064375918278,32.86366448123536,21,5,Low
324,65,28.837963203221427,18.1243078821033,39.74801512922384,20,0,Moderate
139,31,36.48755248002306,31.611928679810937,31.360349520046345,9,2,Low
63,76,68.74916441701733,52.30317206693783,21.59931241962059,6,0,Low
331,65,38.10624630285209,35.042542650757575,25.12646439300976,6,2,Moderate
175,28,54.97369903471462,62.07791269999105,26.446165274206393,2,1,Low
386,66,13.993868934896868,57.54148047588919,44.18804437511107,6,4,Moderate
226,53,77.4515923911165,10.122153123926054,15.168998351441475,8,6,Moderate
409,44,38.289976308331234,3.9073298656595146,44.56998069073521,7,2,Moderate
127,10,63.36807431300082,70.2353251199685,44.41384905329492,2,6,Low
270,61,70.28506414956493,6.386485325029874,44.884523715904095,4,6,Low
464,79,23.869482990053037,11.867134457577047,29.29764536758904,12,1,Moderate
423,46,84.6207486458015,1.7706620446494448,43.91426908862999,12,1,High
389,74,60.46018264462576,50.2669092238923,26.867975455494822,7,1,Moderate
353,60,43.58526275763333,46.58964505266788,15.7888332200516,17,6,Moderate
149,10,21.41016652203976,78.95229331482045,21.730415591152937,6,1,Low
476,30,89.8070844111086,70.95459170537376,43.35888734812154,9,2,High
312,62,72.95613837184627,32.86745419847278,15.412940800062,9,6,Moderate
39,25,23.722210645992398,29.7268672730028,31.379824062689252,22,6,Low
301,70,35.393969725180206,23.748162742398804,17.26804766684037,10,0,Moderate
304,63,77.87068322792659,12.19255360303051,23.591897352827353,11,1,Moderate
20,49,67.61098968938052,11.046692528160724,17.6427855213566,12,3,Low
138,35,73.92058634441518,10.582696640768434,40.78585863339169,7,1,Low
54,89,44.70809919916392,9.129180574942284,32.73212128943118,16,0,Low
217,74,69.48286363779502,19.240963392442954,42.06319397154938,23,0,Low
264,83,39.78443505775223,24.533490425049315,35.65059598620685,13,4,Moderate
78,73,24.013662524437677,76.92631768311327,44.13087393735299,16,4,Low
344,52,61.940933135722396,46.27786008015086,30.296329642812196,18,6,Moderate
180,26,92.84125330389148,79.00766196106248,34.16131745288624,15,1,Moderate
198,68,32.954087425579665,29.79735582605386,32.2892645966717,8,1,Low
225,32,46.487263299128564,36.610130607155284,29.527812883398383,19,5,Low
31,16,65.66012339628682,25.966292733222332,40.37878096269038,9,6,Low
295,53,53.735565391023904,14.631012071724214,34.33575407011081,8,5,Moderate
200,62,80.90850161381444,11.453176622206334,39.03936794566418,0,4,Low
261,80,73.55684358225643,75.60633582462656,38.59091809807239,23,1,Moderate
235,88,10.246748347612133,78.94485454390046,20.73135481965886,2,5,Low
270,43,94.85791105313966,3.592759720698524,34.50490597552931,10,3,Moderate
318,55,72.71622083475205,12.027669978541322,20.989440575440025,6,2,Moderate
145,77,82.75129846647019,33.881927384081806,32.49961434731313,17,4,Low
236,87,63.60779408858117,14.906678107552587,35.32304053338902,12,4,Low
325,87,82.06566152420861,29.110431490150663,44.9170521476276,22,0,Moderate
304,25,15.114467743583846,10.327707988770669,15.91625934449215,22,1,Low
204,80,36.2964052003384,36.520940537743215,17.73727182341163,17,4,Low
58,28,83.87788492440434,21.735569293540742,17.310800891136946,15,4,Low
242,11,23.148969014020302,28.152404460692864,26.950838588002203,23,5,Low
203,19,12.041788872202046,7.545012117019807,39.647650844574414,15,3,Low
446,59,75.93070459506971,34.25024405681134,40.32168998361407,20,6,High
197,21,80.19375400789666,78.66060887692558,37.10938787163455,9,1,Moderate
426,79,19.638699637091054,26.306643750495226,41.906347254898435,8,2,High
447,31,81.89113845044439,70.11434198739481,24.685798325083574,7,3,High
313,41,66.80910160374526,67.45593132989481,17.644639327568974,18,2,Moderate
359,10,51.807441489492554,76.16467346377685,16.744590839695505,2,0,Moderate
170,63,79.72251735032465,63.20876098136756,40.56398158858159,23,4,Low
403,67,42.73243243870692,52.767746164705194,36.91308883061074,8,5,Moderate
145,79,22.45945606010575,68.52675553819661,35.95845918033363,1,3,Low
320,27,30.636740894955228,6.051574452587971,25.190290156370065,18,2,Moderate
327,15,50.46476164639833,37.02645257590462,26.397155658546787,7,1,Moderate
355,54,52.81977134058582,79.14049908920471,43.74340586697957,17,0,Moderate
453,32,77.50227437971103,61.56801210357858,16.91414232293805,7,6,High
253,32,76.2217451287101,76.96603024297785,38.21195210813378,4,0,Moderate
399,35,57.32299014841174,62.370748490678324,24.288999711251794,5,4,Moderate
394,86,75.27069350289287,69.99055739537154,16.17163855237668,9,4,Moderate
27,16,22.25961124643039,56.52237058425528,37.27710332227368,14,2,Low
360,88,9.505807438396491,60.84016035337918,24.927356570351236,3,2,Moderate
148,53,83.62704403712301,41.85424078716005,36.664425562283895,2,0,Low
283,36,11.79990443864926,73.93901606513063,36.22963149354361,23,2,Moderate
176,35,27.201958676959755,66.00311284986893,31.043606262993453,8,4,Low
371,88,67.5787054661946,67.51079725325057,38.321193876316464,15,0,Moderate
377,45,41.850314386457825,53.84072807704419,32.4311497251373,15,0,Moderate
24,64,83.8682572923958,24.36639576697992,23.59910558544782,14,6,Low
105,73,31.81818151960426,2.8503836312111464,37.023459031932575,23,1,Low
194,66,6.068421200242336,74.85241035276357,32.67419447633171,8,1,Low
309,78,32.05900765046697,46.88962790443975,15.381818450697617,16,2,Low
212,70,57.02675442663485,23.85143769185122,42.04932533310928,20,2,Low
330,11,38.8344537862964,11.930808627803025,31.369308549729404,11,4,Moderate
138,64,53.13854801828797,66.36185324006037,41.05881796438595,22,4,Low
237,89,83.89383069515168,66.92161555580631,41.48210516946734,7,1,Moderate
446,47,87.12365488073317,65.16063745044252,28.348999702052655,13,0,High
477,89,28.93766581887009,51.6066153573429,30.229799893536928,17,3,High
433,87,46.592642594291064,29.281231007350073,27.472631630268058,11,5,Moderate
133,38,54.42296137173061,24.32562278242056,28.483103259241364,13,5,Low
485,35,90.42012111994224,0.6843816094536148,41.85441476915183,19,6,High
164,44,94.87555872479462,66.68860469505923,38.64432041903733,22,3,Low
45,88,26.186652395737397,6.994615799491397,18.795770289467338,4,6,Low
155,76,70.4281884211234,50.46039984326141,33.30923344620288,0,2,Low
322,38,39.022795600987564,40.32599574720707,44.877199211590266,12,5,Moderate
251,43,5.72973771975919,42.13514871410809,32.866521036974575,13,6,Low
388,50,5.832727019231212,74.13702762462187,38.576148767793164,1,5,Moderate
95,50,46.45094068060302,2.529200901699369,38.07184420143513,15,3,Low
494,32,48.950142170390116,61.871377970301786,25.50952577616986,4,6,High
347,80,7.031272691609839,4.16419186938457,26.155479081118767,21,3,Moderate
364,12,66.82346750968722,3.052288474830176,36.722292653712096,0,1,Moderate
321,67,31.46030497354578,34.385415851310555,29.999505948145053,11,0,Moderate
471,41,55.390379138235446,5.046013947437338,32.117121273911636,18,4,High
308,40,32.08271658488769,63.131516103432965,36.38717371094513,21,1,Moderate
20,52,20.042088338237647,42.365047491866974,38.32725081117151,21,5,Low
166,16,41.645636473898776,2.3231026127819554,23.14549733199214,22,4,Low
306,10,25.90460283114507,3.240054918553561,19.40381278310889,9,1,Moderate
483,70,53.13208792272513,49.01348237915835,23.75383940171176,11,1,High
161,23,22.894567725783197,64.4889454126724,30.226149752762268,18,3,Low
72,61,50.75653789801643,35.023962501981885,25.264239518911175,15,4,Low
323,15,19.16406633819808,44.366453722849954,32.050882765427815,16,1,Moderate
88,19,65.38772385372064,63.986356323992126,16.603971723768854,12,3,Low
380,80,72.85439159972816,48.840493923345534,30.292512348413016,6,2,Moderate
109,39,14.93548108249404,17.98081901270556,26.03954720813124,2,4,Low
465,30,47.10221708336053,49.04416206955829,31.040002646786473,4,6,High
239,69,11.378453058938621,50.26235672521708,27.676000646549305,3,1,Low
469,83,58.836420098780216,58.728558470490135,23.526775519126275,14,5,Moderate
211,72,28.796386813668082,49.6699350045441,42.12323716372907,16,2,Low
473,51,52.48620111548371,77.53937043664304,20.542949652640708,11,3,High
82,60,51.57149084458621,15.783064697365479,35.44096726741679,22,1,Low
92,73,88.19189115744204,76.0872543653661,42.73934137747243,13,5,Low
180,85,54.41749003118506,43.0671592280013,31.16009879056299,3,3,Low
188,65,57.46986317464841,53.75649123959296,41.29225465738446,16,3,Low
108,89,41.14878131879423,7.956927796175188,18.745544352998532,10,6,Low
195,50,90.41716428645351,30.44607531024856,29.813663107692243,5,5,Low
288,41,74.94673184956487,61.55033171705381,28.71075841442818,3,3,Moderate
92,24,30.68647612725574,56.55288120791923,15.243564211109845,12,4,Low
264,71,80.97886271986089,3.2111510532328147,28.297720240780034,19,6,Moderate
96,36,43.9156724166581,43.72754107977957,26.070892691477937,14,2,Low
178,37,79.58004291802345,7.062255437472755,35.09396183323846,17,6,Low
478,73,79.05992614641518,79.66851433425299,43.149893357295554,16,2,High
343,68,21.998316808656895,71.78372708266357,17.573732647861096,18,0,Moderate
117,67,68.10270182452192,1.6864528342829566,24.824291601438695,9,6,Low
400,11,31.1578672375878,68.69196631221047,28.321942121827558,4,6,Moderate
121,45,31.77434029934014,73.55436804467261,28.6555613410315,11,1,Low
151,80,31.671326919252266,28.28385780507641,38.244291625267614,14,6,Low
121,22,70.30114228039534,57.56013240382127,28.301869975003225,22,3,Low
38,24,25.684343761328247,35.368299696622316,15.8148390436096,3,1,Low
473,69,5.081525172148121,52.41859876610753,36.30312283778494,7,2,High
101,31,69.37131681343698,27.22539234385532,41.54489085437015,19,2,Low
416,72,20.406626945161275,25.80473893066147,30.417141376490186,21,3,High
298,84,14.403415577705118,33.954711108606325,32.43325565095516,16,4,Low
358,83,26.37645085346541,11.645420692200092,19.888093169071382,5,5,Moderate
384,34,39.19104700904336,66.4911171548306,21.619378340368712,15,3,Moderate
350,57,47.831569472588065,27.89583162893093,22.055107173738353,4,3,Moderate
148,52,9.011303664136774,32.01196431246761,27.92225924643886,13,0,Low
363,47,92.35159993646243,71.52436901617156,42.84435662686926,1,5,Moderate
329,50,69.44567480776023,39.729905125053705,30.653543001446582,16,6,Moderate
474,54,34.087465879190255,43.540312748069034,20.76292935604058,5,4,Moderate
108,49,33.68275315568576,76.51984998216788,22.98263207606849,10,1,Low
232,26,45.368829443161346,70.93811065159913,26.52045089181553,1,5,Low
162,66,61.36203404867297,13.55733671107516,33.69776927078398,0,4,Low
84,11,18.1735759930071,37.857202393448404,28.20099459012016,4,3,Low
95,71,22.00368323884571,77.70369819428365,26.773345325307748,7,3,Low
218,18,82.34911245501958,29.789303858288214,31.941858011969842,3,3,Moderate
162,77,28.06294315001653,29.725848681296007,22.255049848633966,18,3,Low
424,26,39.21754981776598,15.602418543132348,17.367098177537464,4,3,Moderate
422,59,83.41446658551054,9.145849129530017,15.732429444666664,4,5,High
335,49,64.68330464598404,59.22438326047854,22.537774904013812,23,6,Moderate
112,67,35.75406914075195,61.60243749612132,17.74776102433406,15,5,Low
492,84,66.53295911521587,77.52103708023999,25.090219155623004,21,6,High
436,30,6.771489384327234,61.87345687242904,38.188006210792665,17,5,High
324,27,71.20783940102287,19.468199522687897,36.48882991460515,10,4,Moderate
243,64,48.83144364646155,3.209326263081236,33.32782868364086,16,3,Low
310,38,78.18639325560152,78.83499074957282,40.57500731638436,2,2,Moderate
447,33,90.91738868058215,27.23605564348846,23.4620287363283,17,5,High
121,83,88.32096945451116,24.95772339459366,41.55161259089897,3,2,Low
493,26,86.83385391098066,72.4764167799506,26.977175090075377,18,0,High
286,27,51.095296034049845,46.80799188359889,27.0267995479988,8,1,Moderate
374,51,37.412790272504424,17.189693907930767,27.160548408765646,4,5,Moderate
475,54,46.85317922576055,71.12769941729917,17.942830987229442,3,2,High
129,26,67.09064029820246,79.46886840437946,44.26471494993167,15,0,Low
481,82,84.55979991840681,6.934284892066458,19.155203334754773,9,4,High
349,23,23.62876727001076,68.98013026419898,25.226571734075534,8,1,Moderate
469,58,87.63738426155327,31.24125581475152,24.579009609802714,15,6,High
449,38,78.36622087729002,41.92579572053635,17.240382984501288,19,3,High
284,13,93.09704136604111,73.18527806119846,19.5678039033563,21,5,Moderate
22,29,84.22265959535184,77.87033566200938,16.345750085561576,16,5,Low
104,56,30.1943596722716,20.97311283270395,23.7721348068154,17,3,Low
301,18,14.536032020964292,17.0280616767931,40.99970772086719,14,6,Moderate
347,86,15.101696479242975,6.441324687320948,25.183266172121535,19,4,Moderate
323,88,31.21009867204485,44.94382821297104,18.710754962021376,8,1,Moderate
469,36,60.27653515860853,1.0883516360534617,34.37081605151754,5,5,High
473,24,77.38882934874553,32.951863808794926,44.898027361647316,5,2,High
431,28,85.93252762834082,5.870721332160684,21.969713685957828,10,6,High
136,61,61.13780459323095,32.41806263434672,23.387130161117085,19,1,Low
240,35,5.506818147324836,3.194575141248741,44.15541162842366,2,0,Low
173,35,21.768509886668017,66.8173808487015,20.363288626514613,22,6,Low
172,35,13.975358346803116,16.77911951508527,30.336422023774915,11,5,Low
31,55,37.6992028012109,26.264696828632957,22.189563990482846,14,4,Low
152,58,50.12158942703713,69.60383972851135,42.970556937037315,6,6,Low
323,62,8.905746072070476,59.701284906576404,44.44563043728882,21,2,Moderate
312,12,36.36301782160898,17.523068931364676,39.44093538360046,17,1,Moderate
482,75,21.12617071627903,5.751953492599684,24.443514474384315,21,6,High
319,51,63.23631496329865,57.25390214842716,27.10462425841515,14,1,Moderate
247,28,46.7845132391906,31.256204055048748,22.26917050999264,7,2,Moderate
290,26,49.57858822405179,61.2863999294577,41.72273901026975,21,0,Moderate
62,42,43.4922609230115,35.623581790016836,42.43674833064475,8,0,Low
451,85,91.04177394379103,27.68019303778211,27.566119867381417,14,6,Moderate
362,58,24.32616126094069,36.09643265699172,34.695992097090055,15,1,Moderate
345,65,51.49978338594869,59.884718853654135,19.966595393240816,19,3,Moderate
321,72,71.24156315288023,72.17762292322993,28.04807701090227,2,2,Moderate
383,12,55.11599718211063,3.981375727086043,33.94497320020493,4,5,Moderate
398,58,88.6118797145121,41.92892329815641,26.562093555540585,2,6,Moderate
446,64,39.01715200771557,2.626834326710208,25.727985770593797,1,0,Moderate
40,35,46.73082251958602,37.4727636019487,15.02996976800828,1,5,Low
426,81,12.967008369325558,70.82262632775203,39.12880391331342,3,0,Moderate
126,61,59.809919994673564,28.927221313624774,41.68012836064345,2,0,Low
355,16,30.939077160329543,74.59603368645146,44.083905886374964,8,4,Moderate
322,55,19.427813556401198,50.44867773204875,36.57814155207647,22,6,Moderate
136,55,54.00781636140573,74.7324275034405,31.463769371096536,21,5,Low
143,25,52.90792370419196,60.573330033001575,23.078535594261282,11,3,Low
418,33,11.82844771016428,8.274813331900983,44.97898427890495,23,0,Moderate
300,70,67.83939081450255,18.492109405014165,32.69258563596317,8,3,Moderate
311,63,61.13949715857676,31.533636366680497,35.43462216991338,18,1,Moderate
222,71,22.011555447184747,13.608550560966082,35.47218485865953,11,1,Low
70,10,47.24913759386395,39.59292838213284,40.35755387271544,15,4,Low
290,58,69.8290624830704,37.70945245611925,15.290176165407576,22,3,Moderate
343,34,52.649216648714884,76.5007358421905,21.607408212941156,0,2,Moderate
296,19,40.59401685652132,34.69823063167822,34.96602000510042,9,4,Moderate
160,89,34.01046122728493,62.85014434303982,41.85437210473704,22,0,Low
489,25,59.93544799796482,75.35284358811839,35.560163457640684,9,1,High
294,67,89.51978284792165,70.15910647791884,27.404738744810402,3,6,Moderate
309,81,65.45703564297351,16.693409960927347,25.846664876107848,10,1,Moderate
353,38,11.727131327268395,39.68239154028354,37.13844024849961,21,2,Moderate
400,15,46.46164761339204,27.819182583674056,37.2371309141158,10,4,High
471,25,85.17417183595649,31.98869561097724,33.21173977517071,10,3,High
392,29,13.50161832209782,28.864546099660096,23.74401072292011,21,6,Moderate
71,89,93.9988140923789,66.10873681400034,42.75464455171631,5,1,Low
46,80,90.41624542808792,36.171124409795794,31.556398263559174,14,0,Low
176,87,12.044703265688828,41.895546579575054,38.714770687449914,1,2,Low
258,52,89.00719884045995,78.59578856376598,21.42924786485495,20,2,Moderate
175,35,37.6819331233516,4.798341775321315,25.321223658441838,22,5,Low
310,87,81.02382503682763,39.03661118325991,41.23738549162027,21,2,Moderate
155,80,42.654500394194436,61.924936555689285,16.50321089819905,2,0,Low
163,42,44.67696014322643,12.092956655058122,30.369459337699862,4,2,Low
125,35,62.08187818797884,48.92252756918191,29.45116439532027,23,3,Low
439,54,74.7029677348385,19.15718236275734,37.536905667242465,10,5,High
177,72,8.041023585342376,69.39232905796541,23.456813117979973,20,3,Low
165,76,58.38403959744208,26.167973232006343,21.572004655787985,11,6,Low
21,61,21.80596946876339,26.325025352072764,42.783985163197016,2,4,Low
452,77,36.13545660768827,47.85551028143148,32.151289558753945,8,4,High
96,35,36.317179953969486,14.685032649592697,18.140687048509633,2,6,Low
151,84,47.21543061990383,22.791091112244885,20.79108486642963,1,6,Low
109,11,35.072277068855605,33.33054800955292,44.96478178542745,5,3,Low
364,23,14.662500660560099,28.29102905120883,20.868269887565774,23,0,Moderate
369,39,18.10658646729063,41.990177440446594,33.31426534061036,5,5,Moderate
478,58,8.009418700498792,47.971211525517305,27.603842369868545,16,4,High
282,21,47.322417679587886,45.33339630001316,41.56797284549506,7,2,Moderate
370,53,90.90029253676897,52.33346495935458,37.655057768859834,0,6,Moderate
127,42,15.41077012833049,24.61996132862562,32.908541887854476,7,3,Low
93,22,90.16380437027738,10.114098172402244,15.322169453939475,21,1,Low
58,87,71.00253632588841,60.86460331448617,41.393856224803784,14,0,Low
416,35,62.37489226407469,68.06243061045456,28.340024125161488,17,0,High
178,30,63.07499797912066,20.56049857779458,42.947329590557295,12,3,Low
90,37,79.40548835566538,32.56735649264158,29.866170385626035,7,1,Low
466,57,14.622787794183923,39.885537357084424,35.82673467548177,19,0,High
331,49,50.427889120898755,42.666147420234914,17.078779483999263,17,5,Moderate
260,75,67.73820244346827,52.75921368701215,37.35454960580357,12,4,Low
445,82,57.813840056620734,3.3282586684257076,25.13988093935769,13,5,Moderate
464,88,79.95011639209652,57.71816661872136,25.540770429953426,14,1,High
317,86,11.504453811021634,4.957680558352822,18.559675341281697,5,5,Low
459,32,67.16309355492493,37.46308541382943,19.405714459206067,0,2,High
55,57,53.0624957346246,66.21369084553552,20.572771686186304,6,6,Low
103,11,39.12447775819491,36.097225062271704,24.84618505714267,0,6,Low
471,29,35.624748401062774,11.927179901459821,41.75909738326816,14,4,Moderate
393,68,60.874936949677355,78.80270760047678,26.047807146902414,5,1,Moderate
282,55,85.18958371798384,71.14283696594106,36.730881196896554,4,3,Moderate
329,12,49.65583334910038,61.70509065800112,17.48242511669614,11,0,Moderate
404,64,79.22508476692282,32.920928231936834,32.73296397815977,2,4,High
191,21,41.19407436595708,14.707658151143823,29.45673693811319,21,3,Low
395,49,14.215501651385889,75.3128945134801,44.33873840863514,19,1,Moderate
192,75,10.53551628127747,42.588090121371124,40.38623309636889,13,2,Low
381,87,9.620093419130981,68.18843683099881,28.644893173159492,5,0,Moderate
66,25,39.21351277619029,27.367600460754062,38.254282921360165,3,0,Low
398,43,35.35139757522579,26.823065366357646,20.791162238813325,14,4,Moderate
160,53,69.61433212603126,78.84323845392314,31.870089821753343,16,3,Low
394,15,71.85393514263792,41.746643879587985,17.238571667061244,4,6,Moderate
425,86,9.576857195036585,11.255633908859703,25.44267096755049,23,1,Moderate
137,73,24.901093660011348,17.573974239576593,21.775865448665108,5,1,Low
296,31,29.683566514300974,38.555542351417664,36.567294459756326,9,3,Moderate
233,27,54.285078572852846,3.397672839072907,29.70272073643084,8,0,Moderate
239,21,18.006370151625525,37.00271883026404,37.532114365440314,3,3,Low
412,61,17.054709746000032,33.51526736641021,30.458863128943367,8,5,Moderate
45,60,89.94100002871622,62.34690122555896,17.594533264549156,7,6,Low
28,80,77.37826165680029,28.39535715913934,37.0610294919758,2,1,Low
290,57,21.258941188205327,78.60390092316794,39.99687791963417,21,3,Moderate
29,28,41.59110271149419,14.461593544072251,42.105936777383775,19,0,Low
491,15,37.005979933180896,47.27893479745079,32.15975835920125,0,4,High
397,36,76.19036666588666,7.17594376066037,37.60756076998486,19,5,High
140,62,50.91916248303099,58.70911871951856,37.56133010647881,4,0,Low
144,57,16.50647632941203,79.58029504495772,19.67249279396833,2,2,Low
189,16,71.50928568406195,65.53109102013057,19.926620623787123,3,2,Low
91,68,40.7199180402427,44.4562832576241,17.126565174273782,22,3,Low
171,78,28.663182286893235,38.779308591975365,24.597409054209045,23,6,Low
227,20,38.79487598186481,66.80239690134775,29.205257632231934,18,6,Moderate
68,24,49.79809072462067,74.87792677685795,44.936935582626504,14,0,Low
173,73,35.88039647753085,79.13652206384744,27.929800262045084,18,0,Low
366,12,26.771519533258203,31.72313820515873,36.787277655221125,15,1,Moderate
312,78,40.86518259235823,79.27339798356098,35.80191078817604,22,4,Moderate
87,32,6.725561967490842,12.47410017390652,21.134458507517387,7,5,Low
69,62,74.52480614866825,20.283982074552735,16.755214543483092,13,0,Low
171,46,20.38504042108272,7.121289978711696,31.380202546007624,4,5,Low
38,18,8.951415226757351,21.739081318758533,36.009167769434285,0,3,Low
119,24,63.83288236145713,61.43500412944089,44.94755370558768,18,1,Low
79,12,74.6542515941305,68.23394865427598,25.75833156843512,4,6,Low
186,79,78.24462184335589,62.31141160820574,41.8909368624329,2,5,Low
221,26,49.415826439453994,50.4852622534157,26.457973676075593,16,5,Low
364,35,23.483136622098677,41.117321001811646,35.68235125291538,6,5,Moderate
165,30,71.3504909524844,56.696343137091716,32.94758791551156,16,5,Low
422,81,67.97417694389034,31.266683941377742,16.58936379907791,12,5,Moderate
183,30,27.16436606928559,67.30466811997614,17.351652809107755,21,6,Low
477,20,86.30669802765136,54.175207518142834,15.62292269173383,21,1,High
458,47,14.39343122745461,55.82437587955268,26.125022537819685,13,3,Moderate
261,81,93.44194156321932,42.8748794503257,37.37403146298033,22,5,Low
88,44,82.42230298797182,70.8183187368938,20.18266181972168,11,5,Low
194,23,66.91087809311676,20.1611786943242,33.17558905151687,10,3,Low
68,23,89.48748994518496,30.491812268884058,23.664833400932338,0,0,Low
127,19,70.0080051491337,62.21140557421513,38.90977871937216,2,0,Low
245,21,22.141129732704133,39.419911690347014,38.95188447008972,11,6,Low
180,47,44.79405243015306,71.13712107393526,38.262435448992704,8,1,Low
138,43,11.435272189847183,27.711945581028186,30.7450054140413,1,1,Low
168,50,40.069168005930386,29.54641350557158,23.537001302395552,13,4,Low
484,19,71.74427177634878,71.09886315093003,39.283321316359036,4,1,High
169,26,39.779901583773565,37.149625614563284,20.583016858177245,2,6,Low
451,26,34.72647579213207,41.28996673619894,23.69278806085968,11,3,High
312,76,58.58201502592807,26.621097226854353,20.51843118481865,11,5,Moderate
162,71,83.49840760990055,22.133595374326553,35.22630481162943,20,3,Low
438,10,9.282487329150118,52.47589686707136,35.58708084347454,6,6,Moderate
495,21,39.692339122976186,9.58725292329631,34.57529978360259,0,4,High
474,13,19.241666763373644,70.34181129463275,27.468044005940037,2,2,High
179,51,67.58188256586827,62.33625094120863,18.005130216042996,10,6,Low
30,22,14.51521043880214,15.259861096464222,42.33508753545064,12,6,Low
157,13,64.83269827222202,55.52159566596523,30.231928920367146,21,2,Moderate
476,78,30.75627837181166,48.210633702850785,27.209165847332745,22,3,Moderate
97,28,22.902513236350224,14.762804058931529,32.6647467974488,9,2,Low
96,11,89.27173020424868,21.856280484018598,20.783713074573175,18,6,Low
460,21,6.6672119071360285,32.71892029870675,18.97646337314623,3,6,Moderate
273,83,44.3999544700612,55.93941881963791,27.165756643738305,21,2,Moderate
428,15,6.946429321561441,51.09787270536047,21.816620822997315,4,6,Moderate
277,17,48.52337432938961,42.578787814135836,22.328708836114934,10,4,Moderate
339,60,50.09426400149764,61.472843449122735,41.775344633355886,8,6,Moderate
310,20,33.94962242552723,60.63501916849327,30.922775315574746,12,6,Moderate
282,72,16.89455997725213,49.42873232498047,29.504071929700533,16,5,Low
104,66,38.87487839610278,62.95920667078602,35.68438781185792,14,1,Low
165,21,65.50366459393095,26.741069982336736,43.54644341030219,12,1,Low
342,82,75.41562277800132,70.49996226580845,18.365956934116923,20,2,Moderate
61,11,52.76755421493281,49.19280686415526,40.00603701327772,10,0,Low
393,17,58.085095499578,65.78908110499444,32.520575396035376,0,4,Moderate
144,20,23.05547340121874,43.70232838322272,19.384960614355116,7,5,Low
186,62,30.85972999048845,17.47505959909443,23.914479560669747,22,5,Low
444,19,19.57060490471226,43.39281029426469,29.470842493942186,4,2,High
260,17,27.43658150041502,29.68893310212705,35.73531433732269,21,0,Moderate
478,45,25.23981022029786,55.799922882967564,22.278210508603564,15,0,High
299,85,51.750390775211386,38.063503338778865,31.046364464027697,3,5,Low
207,23,55.641988021165645,66.88902439421501,35.54014882247586,18,4,Moderate
321,63,90.0452678739354,54.245800985753334,28.462222525425187,17,1,Moderate
38,30,22.601358239137074,54.763554642505916,40.890778833605275,22,5,Low
87,59,62.75081391453463,17.372426679285198,41.08377308521213,1,6,Low
237,48,78.55333420887706,78.73998131930323,29.120736529213374,12,5,Low
121,29,55.421731740474726,67.3340167417191,44.18777131226699,15,6,Low
61,16,27.950328725096814,63.12039076485557,17.26755277216342,21,3,Low
307,18,28.62952070180002,26.417218012802195,15.100871349688099,7,0,Moderate
186,10,8.532774776389992,42.85053222777855,26.42004791411757,18,3,Low
128,35,32.48998038936335,10.968255045946291,33.03291184117528,2,3,Low
55,47,72.01433111030421,43.078078133016476,33.87600472348983,18,4,Low
251,47,9.276598148639934,11.671139718662982,29.293372088814856,16,5,Low
248,70,24.736575425434758,44.243027519168095,18.746499397219385,8,1,Low
372,53,68.56092486786036,51.89775041239245,20.114925653636828,20,6,Moderate
183,53,75.4386406540589,31.215677379992187,40.564439515560274,20,6,Low
406,83,45.97865690557356,39.88359026650346,41.03733395217784,22,4,Moderate
92,71,67.82669046307839,70.05227101396687,35.216956135821604,16,0,Low
155,15,39.91569517894028,8.68505157622475,34.926539168366475,0,1,Low
372,26,19.392192052171474,63.33863143997223,32.93046384083422,3,5,Moderate
398,60,40.83345441706159,13.660364079695713,21.087776571059646,22,2,Moderate
89,47,57.197103818282855,2.9366386243702713,27.847521007797095,14,1,Low
444,33,90.32479536676013,14.845968219603822,35.87683954390136,11,6,High
215,60,11.18758568798096,61.20345519763917,31.11756816010016,16,4,Low
288,19,50.665468446046454,32.410085866948805,15.557410021652975,11,4,Moderate
68,81,34.60278003896519,69.80164134769456,43.60670420160295,15,3,Low
335,30,50.74805248490251,41.97660329458127,40.3444815771643,12,5,Moderate
149,79,7.157790263887851,1.7800281541064766,22.816350423292135,10,2,Low
463,66,33.17228192314232,57.33708876815414,33.493768054988884,14,5,Moderate
24,48,78.78813327743045,8.818632697698616,42.69718151184563,15,1,Low
447,42,54.85475604691737,63.150370676953955,17.88033036340954,5,2,High
46,68,45.55242435345057,13.448203984414402,30.090884423901016,10,5,Low
179,27,30.69725645438056,27.635710864441076,28.687290775388835,14,3,Low
168,65,31.823827051222032,60.90171437002883,27.30615015850597,4,2,Low
283,66,39.4791290231526,76.33850859811373,40.067658266787745,2,2,Moderate
249,85,80.20136389681043,29.714716051738588,26.419384400923718,1,1,Low
219,57,92.04918861274416,66.35201761591486,16.909899997230227,0,2,Low
69,51,44.47898432153371,15.263381238067097,16.975132264929076,14,3,Low
86,36,40.401755487298566,64.57438161619929,16.28233819573827,1,0,Low
319,83,81.18956982378765,52.59952474050009,27.274362656221115,19,0,Moderate
400,61,43.421478857267324,15.419480576989475,36.5521883309508,5,4,Moderate
77,51,54.68163550660861,24.200316828112925,21.111673857915463,11,0,Low
278,41,25.784749813887,10.54167108776288,34.39405561294649,20,1,Moderate
361,35,71.91522822011677,30.637360885145064,35.612654163111124,15,4,Moderate
345,34,52.87894864437037,16.291891289862193,22.656063720467937,13,0,Moderate
149,84,77.81310952163075,51.51983629043788,33.01672968181887,3,0,Low
234,32,75.26594570258027,79.5604083376447,35.546050200805425,7,4,Moderate
191,66,24.35042914430257,0.9607330467411312,28.99840868406377,11,1,Low
277,61,69.40719955019861,43.27358506298389,25.101497918402853,22,4,Moderate
121,40,77.00489671562343,45.893327803920776,33.574546547229815,13,6,Low
228,73,36.14965167041556,73.13670317446496,44.335412619841705,19,6,Low
310,80,20.534820161204706,40.48042678135501,27.80524228106934,12,1,Moderate
373,42,5.236894002162936,43.4961135715934,26.75205288855363,4,1,Moderate
490,11,45.58132877838334,37.73222410627109,28.9280070727834,11,5,High
305,27,36.71894583849574,21.512344364918512,17.286551803351447,9,3,Moderate
135,56,54.941885044286806,4.482330659913094,31.5948983901417,20,0,Low
283,42,21.923698332990718,32.69261457678689,24.860921616517906,18,5,Moderate
169,44,82.36989928998277,4.207317699254283,18.642663669937875,12,0,Low
319,60,28.197969406529868,44.039397557273425,28.9877022335212,8,5,Moderate
461,27,25.378664457888497,24.583491459383453,15.101519597219323,10,2,High
55,81,48.264265083592036,42.68819212203422,27.05355735488277,4,6,Low
472,39,49.89659213698468,10.743757151614934,18.172058037793516,12,4,High
352,53,24.357670590658355,74.61039725914877,15.728781101993409,9,5,Moderate
496,62,29.46746540533242,71.56169948399479,39.734251387335064,17,6,High
306,19,20.273471523972045,15.19972073618276,42.487464098479045,14,3,Moderate
322,61,69.661416049085,27.47554266352079,21.230239450773198,19,0,Moderate
330,58,74.30801281286737,49.07942174815837,31.178947915027837,11,2,Moderate
227,20,46.609564771335435,7.654896584472501,23.33874471392955,3,3,Moderate
125,75,69.26783204165157,28.365425689292067,29.807323160165467,4,1,Low
465,67,71.23418527437009,20.08898294552049,28.09893962682481,7,0,High
177,45,17.444797491002774,73.24133829733573,23.07153165241457,4,6,Low
140,42,91.9560222351083,68.20085090313641,36.01180738905893,0,5,Low
74,56,78.8928752386788,46.3866193013491,18.794728779607627,17,4,Low
419,22,23.403511507624117,41.62770694972593,16.592183465141012,18,3,High
31,49,21.754853217146323,74.45806356363177,38.03026299111838,18,6,Low
164,77,16.309503102162445,74.59422263830523,34.977900936620394,9,2,Low
419,51,17.454070628772655,77.54641002813284,29.95578372439194,21,4,High
415,28,72.33456191258266,10.030310728655012,29.033693114176245,8,1,High
155,28,47.26888312564612,12.844624861053617,29.922341384742786,0,4,Low
487,67,75.46407554658805,54.138935894390926,28.110722282960186,21,6,High
22,32,72.16294049151848,43.31475812878759,26.786768874935376,19,6,Low
163,63,59.415144215469944,1.477272391458877,29.99071808658361,2,2,Low
49,89,66.77299459208116,4.958002879161549,30.855455134792813,12,1,Low
256,74,6.652015194122761,71.04643058070441,35.75706942250863,5,2,Low
298,21,33.05998821245198,69.5096636431509,36.33621482202068,5,6,Low
367,33,62.403996133346915,28.58167375968361,26.32887240420434,17,0,High
134,43,5.841045813761978,71.28404935444277,27.406215682304662,4,2,Low
123,62,7.967924931433407,47.49400595183214,26.21091509208669,16,4,Low
137,17,81.66991842233449,64.47245176151215,31.096073208771312,2,6,Low
24,27,66.56223755228646,34.19448569281714,28.60060613742586,4,0,Low
487,66,28.883275980830955,9.071866187592699,41.6878938940858,2,0,High
379,14,66.91665561068382,34.6981650116813,35.89083800749418,22,3,Moderate
267,35,76.3211002225337,36.58398383975183,41.95969151263337,12,4,Moderate
383,39,32.61148547990911,44.07553550724824,36.27410974678277,14,4,Moderate
340,63,8.24336397492687,8.44661703235424,44.12976445571442,16,1,Moderate
140,22,88.95012122189611,79.31214904396892,34.07210334765807,14,2,Low
305,38,36.06618544660674,19.530945664552508,43.90650414489164,4,5,Low
168,12,14.583358695623573,15.884192282967433,19.74509671228278,21,2,Low
103,67,49.267118425383266,42.144233508474926,16.574330424882117,13,4,Low
473,85,74.16210160977204,42.976654351591094,32.37375555611578,10,2,High
425,11,24.948258315580325,35.18565902665954,44.50479617399324,13,4,Moderate
485,84,29.2541045120027,61.75137170602036,27.528157419071903,6,6,High
475,37,26.844348811872486,41.332352058288215,21.361300865788788,2,0,High
250,86,94.25057475485103,48.77563641159873,30.64624347580542,22,2,Low
307,85,22.76633603574883,57.899710832622844,34.46395873736665,19,6,Moderate
180,11,56.79681952695116,2.002008125109329,24.45536086547667,9,2,Low
291,16,88.27381774912679,45.65153460360358,36.443080754977785,10,4,Moderate
479,35,18.220691199000132,70.73555769826955,44.25343521137177,5,6,Moderate
57,85,92.37687780809301,1.3910994340347127,41.90889365131851,4,4,Low
245,25,90.27295109560622,32.41456830407689,23.74756120536586,19,1,Moderate
161,32,84.61147883524363,74.0981960164664,24.80171049433795,21,2,Low
311,49,24.310086919700204,28.252352182603026,26.146236733487658,12,3,Moderate
170,69,62.0649550409885,36.69830593601927,26.83658335180936,11,4,Low
133,82,73.48023256651162,78.52331144354503,18.009584975798383,18,3,Low
256,41,93.74251353767868,15.945908716045905,37.858885166678675,18,0,Moderate
85,24,21.238143987323337,5.220415130000475,25.960177908321015,20,0,Low
380,22,73.94233095673668,68.75380726890435,41.39459930116357,4,3,High
360,14,35.49210529344016,69.47722729698948,42.808218693603266,19,5,High
277,84,20.80638190112021,37.766226774401055,15.732939279230644,20,0,Moderate
494,83,42.92392470924695,41.1365739581829,44.655092097846186,8,3,High
268,61,76.44523209337548,66.86450956942689,36.300681945005536,3,1,Moderate
476,86,46.83648233336469,59.08475984926361,30.61176677978887,14,1,High
468,50,53.377079018274365,21.211920177360852,26.6858282511766,2,0,High
350,62,94.56434691801091,1.3514684057214765,30.55554397829139,22,6,Moderate
342,59,40.91983696016834,38.37601300268366,24.738741719353335,6,3,Moderate
199,24,60.38606792383158,68.71298608765132,33.680634410896445,23,3,Low
209,16,37.871978145383466,71.66677413521298,17.789408293343737,19,3,Moderate
426,49,40.35070816958344,76.4980957660923,33.633678087354305,19,5,High
173,37,67.60766781008672,70.3650590090225,23.260345504153324,13,0,Low
215,41,89.4098278485395,46.40348442384787,15.529044871570392,13,5,Low
485,24,53.81230554430893,35.56844793888807,31.58117298488633,8,3,High
330,79,74.15599360539018,61.98798772272792,32.35343267558089,22,4,Moderate
281,74,13.028590293526744,59.18573074924772,27.797070141346083,2,3,Low
438,13,24.004223368873426,43.05147440651635,17.168586976509506,8,4,High
425,20,50.19184768275792,6.9861898046775295,41.800288584125745,20,1,High
446,35,6.801055126589731,74.0865077429535,33.342924216836664,3,4,Moderate
162,70,27.756948088630292,36.44820300013297,18.471398987069087,16,1,Low
361,46,51.56611608424695,29.066702553301145,30.327917297824428,5,0,Moderate
335,32,6.346507843067064,50.365391613501735,29.917629478454145,15,6,Moderate
120,49,28.809165760343753,53.90703689335815,16.81205606378781,17,6,Low
263,86,51.26277375282825,16.855033362424116,33.20579110808843,12,5,Low
31,32,56.58343231831211,66.9551075847965,39.24979196764693,6,5,Low
258,25,88.3176523749775,23.19496749299023,37.47024162745434,2,1,Moderate
68,70,63.081106092554705,14.934714073145336,21.0890824249255,5,1,Low
61,77,42.32622222769944,32.5119882283598,40.86877588662634,23,3,Low
185,89,88.7316059419761,58.44480647179722,25.276264969780527,2,2,Low
101,40,75.63946850490149,77.23665427518428,43.39525134875824,11,1,Low
448,62,23.000802900147285,64.74250114971466,17.15243892677141,4,4,Moderate
310,34,16.77581252139378,75.22787021361535,29.586260655595282,21,0,Moderate
177,53,65.82304721684596,11.248464326122143,32.91373131532647,16,5,Low
235,21,55.38948490192854,5.694143909094143,22.429502954238142,9,4,Moderate
177,18,76.07062524134801,44.616380952533696,38.14140566160683,6,5,Low
481,21,71.49245450708179,23.22379864352275,33.80687039432151,3,0,High
153,78,61.26903804717635,66.24439783754183,15.543283118638666,9,4,Low
86,63,93.7743954466003,53.759029712186084,33.251057720887076,6,5,Low
355,63,53.023075709936776,77.65825311886356,29.744347032553392,22,1,Moderate
26,37,15.179518085154784,20.383388458504335,20.880876051105233,10,2,Low
455,65,79.54462083343896,38.862729148418595,44.87244681178589,20,1,High
33,78,27.66680261111381,40.09923819402826,41.91486584482845,7,6,Low
92,86,74.95719333295264,19.134143588590096,23.775230850871907,7,5,Low
418,67,91.13963864000462,47.20747195904062,31.23212762395849,4,3,High
424,87,67.71159625679071,35.46287888633916,24.49506419730872,4,4,Moderate
182,84,58.6427144854821,35.73772447918989,38.26487254908234,6,2,Low
85,51,46.43475581075365,29.01893183779869,42.90994299589365,21,4,Low
366,47,37.79688793958629,1.3543481940428048,25.76485820743151,3,3,Moderate
149,77,36.770427587465264,41.76761895318312,39.16752747430883,1,3,Low
438,62,62.27354351386315,26.819826856026488,29.952226281396147,23,3,High
485,42,72.61458052439713,0.10558951874637401,26.897356839347317,18,5,High
225,80,66.06653625359729,24.63549661295456,43.15265556296309,1,1,Low
295,65,22.856909107420645,22.29026664718056,30.312140661570943,15,5,Low
485,81,49.45884621291421,31.475852257890864,29.022315007723947,11,1,High
275,60,76.24760649647567,10.548159171471756,35.17303205887029,14,2,Moderate
285,83,47.81336703701506,40.61470597080675,22.837026030548532,9,3,Moderate
44,52,53.29609517619445,55.395228201450394,24.74378612364947,22,6,Low
469,24,74.402244335374,50.414845524365795,42.961375087158686,5,1,High
300,47,64.51387756385824,64.30039580553525,35.355895363108274,23,0,Moderate
272,24,41.84104287941533,36.16066303896649,39.79911443313017,12,6,Low
329,14,85.58714400747971,41.52733842717826,23.13335285806289,5,0,Moderate
308,63,19.63103617971307,64.83215526871867,31.31370569789616,22,1,Moderate
183,60,94.59648037312922,34.216093665539084,44.14188800968495,1,6,Low
114,19,15.696732062861349,56.12794799196776,24.561116970846527,13,6,Low
289,21,6.345497399381501,34.76818949743935,19.814294289511256,17,2,Moderate
340,13,85.10170110338882,33.41889556092501,30.326580246739923,5,4,Moderate
129,27,27.045815752936047,60.816449962332825,26.634632661746288,18,5,Low
355,89,70.67296647020488,13.986953237296893,19.787316983601407,13,3,Moderate
329,45,77.99138374388625,27.086877755325887,41.656541481101044,12,1,Moderate
257,34,82.30877519289051,17.93378213975214,44.721717316613336,7,2,Moderate
400,85,94.243481209775,28.72879543740777,32.057465420699934,4,6,Moderate
455,45,31.463573903599915,18.429985789281922,38.240303051203625,12,5,High
406,76,68.92190077345333,46.35245048693237,40.77115108638898,5,4,Moderate
444,18,15.385987245274539,63.85366420942762,36.02946018065481,21,2,High
409,70,41.61283622211645,62.92904489743215,16.324681473351937,18,4,Moderate
44,62,81.31745239813313,29.160077163903395,19.729026951504533,10,0,Low
160,27,38.089224145319754,79.10083247154094,17.129675734541593,15,5,Low
136,52,58.198584248205265,47.508349176464066,15.296388199261697,4,5,Low
411,44,50.33960993521706,31.952024142263582,24.179892262717097,11,4,Moderate
424,72,63.135637800084055,66.84314233931404,26.770678814446793,16,0,Moderate
471,87,92.56049504489255,58.38992101141127,22.23089197007777,1,3,High
44,13,10.01619738512619,59.942026945928355,16.938139442589627,9,1,Low
98,50,56.656536575146674,15.691147978709727,30.895892725100328,14,6,Low
87,54,82.67259013252563,37.46594458948441,23.19957959871425,18,0,Low
192,59,48.32444405735848,68.94625046596822,38.88111464590687,19,2,Low
463,88,12.067446734741553,40.32304061030058,15.241578648758436,16,4,Moderate
31,37,55.44854171750938,54.67621947368403,40.275811538628304,18,5,Low
307,51,34.88665017414384,47.03469864274116,43.64261036837871,18,2,Moderate
147,89,18.94476068041423,67.38854301747057,36.48405189460709,12,5,Low
115,85,81.41310619551257,22.76486718092821,37.00932195787699,12,0,Low
111,78,51.943956169200945,46.03802223090919,43.00686934808199,15,5,Low
160,10,88.994877114116,9.858773440784319,21.27213855901047,21,6,Moderate
50,48,77.54148541427621,55.21686213595743,44.8369670462573,20,5,Low
353,26,67.36746143963006,58.55742706821697,38.20443610135626,2,6,Moderate
39,44,5.452295302878074,3.426985695119873,36.79712124983381,3,5,Low
165,55,43.5041110974425,54.063277090238806,25.832717369858784,6,5,Low
496,51,22.773765348682907,33.175212333262905,31.373324562168317,2,6,High
335,48,86.9718119943981,9.927750088774587,34.61753364820041,8,6,Moderate
466,58,20.712558620872425,33.59260381587741,33.61028583951648,7,2,High
409,71,30.745404649335693,15.538634375646536,36.14953915432742,17,4,High
179,47,51.51530909610492,33.24476256986532,17.47145217235232,20,1,Low
368,32,28.70272570982713,30.747122236682216,25.6694529849509,13,2,Moderate
62,31,23.887820955120905,59.0713309548846,28.020000497864316,19,3,Low
273,13,58.91893925924772,61.9372446533087,22.818878936248993,4,4,Moderate
149,58,13.003657047952148,48.562292350763734,20.17881810807671,2,4,Low
79,68,10.235098284883225,1.8149473745958034,19.167824397385886,9,6,Low
170,82,38.502076566746425,74.48178232567952,25.991501767697553,10,3,Low
486,77,69.85980090570762,54.89866240771582,29.803251016876978,16,6,High
306,80,54.93260824465532,2.735635993695107,16.88929320439982,7,6,Moderate
24,11,43.05888216201009,65.50663193712943,43.39374283771649,8,0,Low
486,58,55.917640780212416,16.021292377439693,37.95729968582275,7,3,High
437,40,37.890633618794624,46.337695165688544,36.92555319556399,19,0,High
285,49,89.25317018889017,37.33074959601497,20.185815749661806,1,1,Moderate
364,57,9.94144018196969,33.58710258840613,33.114023040365666,3,0,Moderate
149,60,65.60523311268517,71.1770976099518,30.89174840426002,15,6,Low
401,52,85.21543983449754,34.988903325009176,44.474065373600816,8,1,High
286,64,77.34962378617281,6.027529405852059,37.43015310240474,8,1,Moderate
197,58,21.563693133930208,75.7310981771962,32.272856511486935,20,5,Low
272,89,31.63337140822595,73.6428184991702,40.52437999410367,4,5,Low
434,66,69.53431448363942,54.7546151665279,19.652828125821284,2,3,High
75,86,12.584350326268899,37.431402250562,15.456495890729316,13,6,Low
482,24,78.06755298493256,7.428757835481701,35.70700000243569,14,1,High
476,36,69.70162501443113,63.25984948619809,17.949343807117124,5,6,High
490,77,70.66459843118083,6.038233153922317,18.463009199505276,15,0,High
102,89,14.021723324083226,5.4880787916116525,37.34042179273592,22,2,Low
412,73,69.59844903346078,42.99070739514945,23.116045324019673,9,5,High
118,39,66.1836312697973,12.810259214771218,33.85893646706678,13,4,Low
168,45,79.78302417396655,0.6184213872279187,42.52220778278245,11,4,Low
348,76,8.743636063082256,33.8490744796629,24.49423594913575,8,0,Moderate
175,58,7.0799601621012975,10.977378528805275,21.514324735197565,22,5,Low
209,85,38.57063898907047,12.8412332224553,18.19688651223155,18,2,Low
390,64,18.390945546423758,6.152851098826773,18.913870842591784,11,6,Moderate
282,65,55.25460298131997,16.407500297888795,16.866680861365282,12,1,Low
99,77,87.5614011356074,57.23873438195115,17.629271364892205,22,5,Low
419,53,40.23317573006142,64.71418457742331,27.96013766427462,12,0,Moderate
271,40,81.04553395453438,36.202691522344054,24.62595135071909,16,6,Moderate
116,67,5.021678706607982,40.524305270513416,36.19682442968994,1,1,Low
279,62,20.16631791132658,2.6124027675362083,41.10724974741005,19,5,Moderate
279,88,7.738118568867706,5.5453009097053485,38.54319609427153,22,3,Low
122,32,34.53324624635618,20.60541805196135,30.91911769996957,8,2,Low
59,37,86.73706361268525,43.5118736570518,18.073263486979602,20,4,Low
292,25,13.725691123908897,59.164091898799434,36.293018518246605,7,0,Moderate
120,46,59.57687990694203,48.40024490704265,25.884861741806205,6,4,Low
378,30,45.63463452074998,31.370228398943063,17.569511817462306,4,6,Moderate
399,88,89.46213911292313,9.465925840251055,40.27399221637877,18,1,High
327,26,16.026722828338446,62.46185879097516,25.146495515475166,2,1,Moderate
240,46,24.082506545200605,29.10288412792457,21.54746497534714,12,3,Low
327,86,7.658777175034395,58.884321158623166,41.1435619385653,5,1,Moderate
439,28,44.05417246682364,41.038307353147346,42.06401605341015,10,1,High
143,39,30.004960960818885,59.09296428494602,25.169125115746795,3,6,Low
441,54,83.29153405012887,72.58316491620575,25.6440425784412,2,4,High
250,27,59.44467318779795,73.68236128430416,32.388855827494325,3,4,Moderate
197,87,60.26816641781315,42.808542400048275,37.00324481431974,2,0,Low
82,71,52.87196271931722,40.9206691812511,16.894476057205903,12,0,Low
135,45,13.26653035062809,21.25427724022698,32.80030971565415,14,1,Low
210,61,45.05168153528197,74.86398652234331,43.58460185350745,11,5,Low
81,28,94.95546707376648,36.63353337596967,22.86281691539861,14,2,Low
275,53,80.17063617614133,10.207299142990172,42.26481642290801,10,0,Moderate
26,16,85.41131487504043,34.61639317012399,43.505050222892805,10,1,Low
174,53,79.09037233218496,10.164260019040317,23.07460922913269,12,5,Low
111,77,14.273752408788441,40.20253474056601,37.626055976560515,11,5,Low
489,43,25.470342865831967,44.90204118849697,22.1632502495868,5,4,High
33,75,5.280948622076867,27.020460919486826,37.128334851963984,22,5,Low
474,78,32.31591123903003,5.732049138518773,38.92259913866478,19,3,High
248,64,14.774666211184332,75.48028285065912,22.416171111319482,18,4,Low
105,19,47.55140107714247,61.86824907867437,36.47608630749705,18,4,Low
152,51,65.94147397165116,67.11048644040969,39.3631361659227,2,3,Low
202,50,83.70547655342693,29.349471542898353,25.75736616320735,15,6,Low
405,86,72.42954485818083,60.86648240155604,20.031083279691806,8,6,Moderate
81,78,89.47270362006547,38.82983161353554,17.75893701952541,13,4,Low
238,19,9.850846135440992,16.086679072483676,32.26145110829826,2,0,Low
424,19,6.09618518748873,9.953870152577062,44.342943579471395,2,4,Moderate
265,69,64.52043024525915,27.60406954576455,39.688509600666485,23,3,Low
249,60,31.04171692000216,11.004168918011175,28.075189168036584,19,1,Moderate
98,30,27.81509144951958,79.86151809632548,31.098627085648758,6,1,Low
168,17,34.779837892441485,3.9351192185617645,23.38583656235457,18,1,Low
157,74,29.281645210312774,35.29148794952612,19.891976020801906,23,6,Low
490,87,51.02927656714285,36.16748179123073,29.4624347469682,2,3,High
333,39,44.61336025017192,24.050554286534044,28.905046985015556,20,3,Moderate
395,58,51.11856962389907,45.708125256555626,30.657898584112807,0,0,Moderate
442,18,65.54422503503926,11.998161932123574,43.58413756691822,11,3,High
408,26,39.84174580740335,62.712990446978694,33.11685900434317,20,5,High
84,78,27.617691842794112,26.595817459811066,33.17315509867122,5,1,Low
32,67,19.958048312787092,47.30740718389134,18.840742885832302,6,3,Low
232,66,36.452670757936296,57.251138885356745,44.89466598530461,1,2,Low
493,71,71.76258277215548,71.12336941521289,38.18534832704006,17,6,High
261,61,73.10344191003226,66.862994916176,41.31610032282015,14,4,Moderate
232,70,65.02148480157894,48.66472224828477,27.429012354929824,14,0,Low
200,49,26.062535777618713,31.071454430710954,30.063842873568746,9,1,Low
357,47,57.927762126922794,40.25637360599711,30.662514274868293,16,5,Moderate
192,52,56.36206954191632,61.498783470304204,20.822836178688156,17,5,Low
179,72,48.583957829875295,70.20364340475784,35.684674689808716,17,1,Low
183,28,54.49810877454778,8.30255425413375,42.0893017085237,14,5,Low
484,59,49.26115693613013,30.78850099944428,19.91117454415257,22,2,High
207,42,55.89107294666974,62.089327873080045,17.589548204584936,5,0,Low
414,22,69.39553591590159,34.53214100751688,37.14656716621026,8,6,High
210,87,14.866537496309576,26.578221125302708,23.196054950189463,10,4,Low
424,71,72.46631769341214,32.90581574586157,33.715876248519876,14,0,High
327,52,17.22975351148348,48.22757974290806,35.872750139765415,22,0,Moderate
275,58,10.996519856933723,79.98441153070412,24.657322907454656,2,6,Low
202,45,92.84717175993208,39.43939432836254,39.45433792277353,18,1,Moderate
136,19,91.12925919833972,16.679557996340844,31.499669463426507,0,3,Low
301,15,10.439289044650764,13.02772602232758,41.06998223855408,23,4,Low
215,66,44.89280973274659,3.387979798113143,37.89880657676842,16,0,Low
53,10,21.762044446979726,44.70537879346572,41.05726896112361,10,2,Low
71,80,48.68104074209763,43.56576731910674,15.604841463536822,17,6,Low
131,67,79.71595186996286,16.418714142424733,22.30518782215784,10,1,Low
271,30,90.55505972686012,55.62635251620536,17.70023821337816,6,3,Moderate
101,89,62.08273881063836,59.28856333037446,28.262490515680476,0,3,Low
251,65,36.851510049063535,20.7278564305689,41.698803648459545,11,1,Low
246,29,59.299300908013855,27.52798112237892,29.026207868006075,3,0,Moderate
252,63,33.08011754976053,79.23773378778053,40.49139133741183,7,6,Moderate
240,34,86.88412767488543,29.941157428058737,24.815347140579537,14,5,Moderate
455,37,83.33604167952532,60.86413374048814,25.187102184157574,10,1,High
432,14,55.24085752516949,36.218034130395196,41.86685190980633,7,5,High
441,30,34.23190238423245,63.467586228878076,27.774514395351048,11,3,Moderate
61,27,31.405070802468053,61.52185910261183,38.69296463383999,2,3,Low
40,56,8.007619523455352,53.42048201588285,22.09930643645704,20,2,Low
61,79,78.42387659227657,68.38226770364633,43.464024890329064,3,2,Low
416,66,45.534489173510714,75.13747959021481,32.23734739591713,11,3,Moderate
132,28,34.2619635560238,46.39866563616671,37.779707057352056,7,2,Low
124,74,47.39993194979785,18.997512577819656,17.685470993846565,22,2,Low
211,12,78.68641914091869,31.890316931526,29.77992677491586,22,2,Low
36,51,16.215278693676908,60.66445708106346,42.0311549320207,9,3,Low
139,30,82.18903894176447,52.07067880990956,41.311158871299135,22,0,Low
412,49,85.77579515975187,14.223867085219899,16.404418717026825,0,0,Moderate
444,76,90.20371235304994,4.099163291713976,24.1109540738684,12,6,Moderate
148,34,40.7739193180365,54.63692748336519,28.299600194372402,6,4,Low
149,64,24.542636363390468,20.08632192234763,20.167944430673646,19,2,Low
79,61,38.62767366200286,39.973619498324275,36.89994932969911,2,0,Low
67,53,34.962088660826296,59.73974180100754,20.535359867961347,15,4,Low
48,65,20.853852125257404,45.01334245250665,25.399190831096586,11,1,Low
116,64,59.65400030913391,6.664206648943711,34.89841910573455,4,2,Low
29,79,47.8961744457766,14.846418942684432,29.462680335734397,17,0,Low
261,86,82.91308930916033,17.54625472247353,37.15713115904681,7,0,Low
333,82,7.889862243385243,20.62914029158759,43.83623703668579,11,5,Low
463,75,62.94811347996137,45.23227135604034,18.496400631455924,20,0,High
251,28,73.66539906604051,40.31726238603148,36.28703149194183,2,5,Low
296,16,73.35379122694764,16.252803069136714,21.910324668963437,15,4,Moderate
303,72,84.74665703859726,5.404387476454966,27.434301822227077,9,5,Moderate
222,51,70.61303685465447,13.714576357977446,15.985881773854194,22,1,Low
266,51,88.50290554829267,78.75050500948826,19.07722146878097,16,6,Moderate
309,68,34.93909398388023,37.48375598331778,24.59331867146699,9,2,Moderate
283,29,50.28884750763888,69.387640376169,25.25957415863955,2,0,Moderate
462,82,6.267169695460161,67.90019733350746,41.98755649386287,1,6,Moderate
233,26,5.626182857296209,40.9215645970299,37.25438727799545,13,3,Low
219,36,26.61139584063679,56.53501667684348,44.16548904561123,8,2,Moderate
452,56,14.072647742517674,15.420160833016983,32.972145310057215,16,3,Moderate
98,11,28.419023114217826,55.071736394152666,22.25141196273954,3,6,Low
420,72,20.933896507555765,21.79076634106316,24.829650897649287,21,4,Moderate
463,71,7.566802235478342,66.56496774033207,24.595077698759013,14,0,Moderate
362,28,86.83737317654445,6.697930648712793,24.794829829897548,12,2,Moderate
363,26,5.740081825000237,61.8510938308222,35.18892519335447,22,2,Moderate
192,78,71.24739299033769,7.994952525489563,30.924237842712486,18,0,Moderate
486,48,18.69330982275649,70.49513895154472,26.56272534259933,8,6,High
88,80,87.100665979964,24.336361450800297,19.4726930618615,3,1,Low
435,48,85.35163456308972,52.35146918644598,15.664174888264377,20,4,High
447,45,63.85110317323316,39.00018228962239,21.565040327630776,7,0,High
468,49,65.50107348205447,29.304251620987117,18.22414211906044,14,5,High
106,54,5.480522777271969,51.635346654679715,38.56335092556718,13,2,Low
120,13,93.63844095022418,75.80183844409903,18.37493873441656,2,1,Low
27,34,84.0049343218233,3.3015797899697485,36.72684711920509,23,2,Low
352,78,85.55956031570828,73.50822847064835,26.56976069328248,16,3,Moderate
219,39,64.33200833457848,48.726532401681084,17.20135169231328,7,2,Moderate
106,85,36.03082357890828,64.58514406152419,39.38190148294757,13,4,Low
62,77,85.42837841814327,30.709996274742206,32.3889171070984,12,0,Low
404,38,31.23652353360731,37.7474379870091,22.072845385907193,14,2,Moderate
128,82,55.64403890079826,69.50806014409312,41.84043522998004,10,5,Low
454,77,13.975787510949417,33.187837584785846,16.357749416116544,14,3,Moderate
427,60,87.97600671194752,42.7727653399268,21.054588245932887,11,3,Moderate
171,33,17.6693411994092,1.6155938467466324,37.56140783417583,23,0,Low
36,23,25.240712515736654,12.687840467043383,36.281337909296674,21,3,Low
152,78,55.23207423153935,51.334920637983984,23.67815081173434,20,6,Low
167,27,73.76837001916834,57.35815208511017,16.860746260583493,8,0,Low
296,51,60.74161753426691,46.608074942759956,40.742342166748315,21,4,Moderate
251,66,25.892052152014056,11.464802902048854,24.41092914209708,14,0,Low
333,21,5.08487382747413,35.63243428622678,20.871402447847956,0,1,Moderate
434,26,73.14355222766953,28.407581309055185,30.481854670829314,11,3,High
385,39,93.66865933199844,39.65290752280707,42.30681597847342,5,3,Moderate
247,84,77.89218082754813,69.62632276432754,16.30639733530126,0,5,Low
158,32,46.41859563409538,62.06891509269215,37.97412264092663,21,2,Low
455,10,86.3390535259196,6.719160111132716,32.174196838161265,18,1,Severe
418,88,41.886290580651504,71.22473582196514,27.76347349655451,21,6,Moderate
230,41,52.24406758191208,37.74137209198589,37.3224133231518,12,2,Low
410,18,47.941679065611496,59.508971590879874,43.97473273324897,5,0,High
47,24,45.28614853989725,11.203138501148171,21.87618633488073,16,4,Low
70,37,74.76716923645152,53.65756205656385,19.30942095216359,12,5,Low
461,33,52.40920165425428,18.906081408756634,42.38645235668091,8,3,High
280,69,33.50454098226945,35.070471771274526,35.068592323719116,7,6,Low
280,44,28.23423508926305,1.3490296065683527,28.13958064685898,14,6,Low
369,36,8.397258527069004,12.128851034438082,32.19778710792849,17,4,Moderate
371,85,57.48756456947414,7.366439449889581,37.36841715528732,1,0,Moderate
27,29,25.696527386093077,19.179533835060674,38.190956961171516,20,0,Low
339,74,18.332052981474476,8.001447201945782,42.596825424568934,1,1,Moderate
157,58,63.84469674449099,55.35280212956495,27.805283666868682,10,2,Low
57,10,66.3088332039394,2.3231921767375496,23.80232730058185,0,3,Low
130,19,72.69394030318993,49.419240049999836,34.18992800369526,17,6,Low
499,56,50.32192067047323,11.25662646604594,27.47183697838591,20,3,High
387,68,85.46491446834979,75.61291657423175,32.83795361846934,6,6,Moderate
239,71,89.2708478058405,74.64752584878835,27.599573953678508,20,4,Moderate
356,27,77.66338458132405,18.04024820167701,19.589873600345236,16,1,Moderate
242,55,62.20341338073685,49.15370385784236,29.08280254976875,15,5,Low
155,41,32.33488582320698,2.2404255577966747,35.72753465823098,6,0,Low
275,36,93.4650429458199,74.54308344409392,38.978514230029496,21,1,Moderate
379,27,29.67225504727445,41.83898465533677,29.799788303896406,6,3,Moderate
428,48,23.239122979138795,3.4578521134223195,19.957136706312028,1,5,Moderate
348,58,44.79387024079245,27.39999944065099,27.440631289482948,4,2,Moderate
469,53,10.115651364114962,6.147956948898736,38.588817865250945,13,4,Moderate
482,81,93.06450182046117,31.43555514986879,27.385778118512185,7,0,High
453,63,57.959020077478236,53.594107372905846,35.89592380812667,11,0,High
470,43,55.12568824977577,37.59119264331517,30.216410450342693,6,0,High
68,80,64.02166519097479,30.69777397755636,22.2366937532819,5,2,Low
311,45,49.7321282999486,9.532563643237184,38.884515240692224,12,3,Moderate
401,27,7.885716538508742,19.595123655492507,17.52640362212061,21,3,High
343,47,60.10801599563571,8.01146301906809,30.74670848265452,11,1,Moderate
97,68,69.45564892607875,64.59989853253286,21.26673102730215,16,5,Low
124,18,42.507415456164786,10.819186238777805,17.011968856241268,15,6,Low
188,82,73.15660148640737,47.62986932391148,30.088018112497465,0,1,Low
236,81,25.430116940457854,27.41923308710767,29.98686467804771,6,3,Low
397,60,24.914893195956562,18.07827077241468,36.20702705027163,2,0,Moderate
138,44,19.527528891881655,51.1574751593683,37.34252079155715,5,2,Low
209,14,38.479528381024565,36.56018475015525,36.833744660786905,20,3,Moderate
274,23,81.23108318501752,32.01163738276473,27.28676198750265,2,2,Moderate
389,39,79.51208559341579,47.42816039137772,33.950693616796876,21,4,High
285,13,39.45417871671534,39.301410279200056,32.30835727931881,2,0,Moderate
168,48,58.02068623822129,24.278736684124862,27.64685268350759,7,4,Low
183,73,69.87346848274241,44.72490302122013,32.91638082557979,13,3,Low
159,34,26.70860971652207,53.559886124055566,43.41743630118788,22,1,Low
366,37,20.132697730527237,2.1354526869483426,20.78681231044132,8,3,Moderate
277,85,92.48863938910799,37.26973831261403,42.173162873565786,4,4,Moderate
393,75,60.58015818886567,4.614662766683502,16.60366541949595,14,2,Moderate
288,87,93.32741496502975,14.912433125448885,24.25167638704982,16,5,Low
200,31,35.398038841900615,44.84069872623785,23.644357458345848,9,5,Low
179,40,68.27285299767183,69.29511322124645,33.79095323642717,7,3,Moderate
370,32,25.034327288711395,70.62445433507878,18.936748553318708,17,6,Moderate
419,57,28.508015414652164,5.595520811090502,41.47042835519261,5,1,Moderate
307,29,51.07119091426616,33.52840690293653,39.85654225395124,16,4,Moderate
307,47,33.76563129572641,46.6405186403641,34.561974590558336,21,3,Moderate
399,64,20.0859407456526,11.765592364027473,28.752414953765932,3,4,Moderate
245,77,28.65926317903934,61.23457733958173,42.988681264262354,20,4,Moderate
30,88,8.217355501927818,59.53882067497911,39.92239664161668,14,0,Low
29,10,68.3981259329738,72.26728109654357,29.979454442437344,9,5,Low
290,16,49.290499137727544,0.6788809666754414,36.05620063362934,22,6,Moderate
292,66,13.481875976407306,17.334739519120212,32.00789856539053,12,5,Low
443,21,20.45245938156421,66.17493713962574,32.63826715164794,21,2,High
421,14,14.228108430137961,53.64640406615483,24.929282083124136,0,6,Moderate
202,59,60.13335274482888,71.55118829587926,28.862538138746903,21,0,Moderate
476,51,13.47893272512444,4.574372362421322,17.343642923692325,21,5,High
172,21,72.88540997316944,47.75711725731543,25.720460749937775,8,4,Low
334,27,6.845982738835206,45.52372599149393,35.87485546086456,4,1,Moderate
353,75,27.44382091963029,2.8539533088425895,43.59648091518559,10,1,Moderate
143,83,85.16000083027164,41.08176615299868,43.89192338289061,21,0,Low
492,88,69.66781863100215,48.76162490479394,31.67168607374675,21,1,High
133,26,11.567149963311895,15.303453936168578,33.19866755428746,22,4,Low
297,77,78.90134940366617,21.866366649973035,20.571635565029027,20,6,Moderate
433,80,49.37316093861843,51.22778770381896,35.85924324280592,20,3,Moderate
487,71,81.21047244519463,37.464075807996664,17.119763780231587,3,4,High
232,50,59.06657970053541,68.64109260546614,23.540570573983338,19,5,Low
191,43,66.36497288295729,27.390541280735068,35.050900418563266,15,3,Low
307,79,94.41514043561374,21.33277267105609,24.30930394630468,23,1,Moderate
454,54,25.910199133161637,78.78927522758742,16.49540622343363,17,6,Moderate
193,67,61.155101728524954,72.89086161040667,39.95611228052891,7,2,Low
132,60,46.42892510516585,2.3194195999183886,24.309900214036894,1,2,Low
395,43,8.550675763042229,61.65828922452527,16.893156745760354,16,4,Moderate
424,53,6.3023577352578535,8.826781906016237,17.243644935085957,9,4,Moderate
141,24,15.73057200360728,2.198815586349676,22.55276396366261,12,1,Low
51,87,63.41825664846933,21.89564127730791,20.340478416645787,14,2,Low
241,79,56.0446779122053,21.547670324888344,38.22900353340452,8,2,Moderate
138,59,54.80866050473547,65.54550098775718,24.650521400011034,7,4,Low
58,41,7.8671086275434075,56.85337967542681,39.14087355119497,5,5,Low
287,76,47.237269672400636,78.52875418656114,20.21537993469458,3,2,Moderate
252,12,88.21605360582757,56.921032024945475,29.78637538632251,17,4,Moderate
450,83,40.7832682379582,33.46044426048383,35.64111400659387,23,0,High
37,60,61.24302228096107,55.91421287561735,34.55972561597565,2,2,Low
168,76,75.18368080608292,79.95672537491217,33.033882297908065,3,3,Low
416,85,75.55327512276989,56.81135060500225,42.744648057935095,20,6,High
168,57,51.73520741557442,60.934508478425464,21.85575443120233,12,1,Low
145,26,82.21567508621027,75.06920121522074,29.811576133863163,19,6,Low
411,16,40.224028402737225,9.092100904934668,41.51977650217226,10,4,High
321,22,84.98238933063185,56.382743475818145,17.336812967854712,7,2,High
379,75,26.620444975599078,68.06447663739591,16.67664804759226,13,2,Moderate
257,13,30.219476629151394,76.35028801767145,21.99906862674874,13,5,Moderate
154,19,9.780856177910099,16.87754317693595,33.99063658614055,15,4,Low
170,26,76.60236528880546,40.314320617939536,22.796388793494206,13,3,Low
255,61,42.5349712609435,54.44438781155854,20.70719651426397,0,2,Low
243,15,25.620495252025915,19.797418360106995,28.764069460748765,1,0,Moderate
222,78,25.861124985492168,48.03782906002192,33.407942063082345,19,1,Low
275,83,86.12599471063099,20.60630259983995,22.456731210502213,0,4,Low
105,18,80.05249404149332,26.67656164253178,24.02073560171226,10,2,Low
169,86,54.8177796821465,35.32149572086921,33.40677914434542,5,6,Low
254,30,60.449972037414895,42.33520789972536,43.37215265968358,14,5,Low
364,33,47.68930134952619,35.94926973001205,35.24225182314265,11,5,Moderate
41,13,40.249988859092795,39.455641583034335,38.4871243075368,4,1,Low
367,33,87.39291930964983,23.887100503063408,26.004302842664064,22,4,Moderate
304,68,16.305143316827184,12.717207521810447,23.16763078153398,11,4,Low
288,12,42.66021107446051,3.7879981861471546,28.628032296078676,21,4,Moderate
485,77,36.01057171890878,15.678297799333416,39.21398486135021,13,3,Moderate
277,49,49.83356482260335,46.55549132046264,28.688989253716674,13,0,Moderate
48,57,46.186868709065756,62.88923582425059,40.40176226369583,18,5,Low
232,63,51.700057848597325,13.539807795431562,44.663159420853816,4,4,Low
482,44,17.592707950429467,8.684428621811877,17.16079997191009,2,3,High
455,65,51.182735136194935,59.94322884394002,16.36230468251111,17,4,High
302,49,26.81769324984898,24.412666442983173,19.487691087400854,5,4,Moderate
69,86,21.589821408937212,76.1199551381882,26.531090272030387,8,3,Low
114,77,10.83507969075721,57.14543764882984,18.931266274362972,6,0,Low
482,55,73.63873028805268,26.14048377944247,41.11993432856268,20,1,High
426,87,43.4697728770904,23.163419823496394,15.694387530811914,17,5,Moderate
107,22,61.39793149805825,41.895870901704725,24.473781490074675,1,2,Low
63,36,70.4834008974269,6.331573462256754,20.540838884826158,19,6,Low
480,15,66.13849987821982,9.41412101162392,42.946179904725966,9,4,High
297,26,47.345064718071406,14.0686305052954,35.08443014670084,11,0,Moderate
190,45,39.91086760565568,61.97788746436481,42.360907693541236,1,5,Low
440,11,38.836391867659735,41.1085887415298,44.1698613093118,12,2,High
208,86,62.60439172370507,0.8453698219554351,29.912947310321076,7,4,Low
372,61,49.531491944768604,53.88132219776872,22.029573241440787,22,6,Moderate
203,75,81.42190231896595,33.89521429283977,20.81186358589768,6,2,Low
22,61,83.72317858940409,40.86818919710383,21.687565850575215,2,3,Low
210,52,20.35043402058666,17.129299473034845,36.25779922866009,22,6,Low
137,31,17.26102863911531,44.14257827152829,16.213371843690023,7,5,Low
38,64,61.736083343239955,78.33225918011908,16.540832190981448,20,0,Low
42,76,32.11031732560515,5.875575280460916,33.2442882714945,0,0,Low
432,69,6.6713646888588976,22.71339197315445,34.261714402122195,14,5,Moderate
49,67,84.97784024266596,19.43980742886638,34.9578877296738,0,1,Low
314,21,25.421069051942744,19.883944860094367,26.15641513765774,11,1,Low
127,78,88.63525865172282,30.296508605230184,39.1783466614246,10,2,Low
386,48,69.56910057904282,65.4487827795334,31.008737631798528,15,3,Moderate
300,22,73.63881409203358,73.028695197151,18.163968900282583,3,2,Moderate
147,50,23.13153462138444,16.177206996717864,38.91297921202036,1,4,Low
248,66,26.077498305513164,43.43599503584902,43.59203358811375,22,0,Low
130,62,51.914097844165916,50.95191777323842,16.80108939007076,2,2,Low
155,21,20.488986738487597,41.7461979491076,26.7405401610174,3,2,Low
381,22,32.48885234147291,34.72611153575357,29.62548134504243,17,5,Moderate
205,83,33.93162301530241,15.358040468739027,19.394122802349507,11,6,Low
163,66,19.36669399274877,39.05754873593908,41.03126843348632,23,0,Low
91,49,23.466455005564466,32.09718621690631,23.524489346701323,0,0,Low
148,89,75.96966578074309,63.64506900018157,38.490256198144806,2,1,Low
383,54,20.047626909254156,61.088348733039616,35.12983446084948,3,1,Moderate
280,44,7.561165265953024,10.719894496453657,32.9413746740107,5,0,Low
22,12,61.64194483660446,7.081524205045406,20.76428546089663,16,6,Low
468,14,92.8384807453205,72.65231545820023,21.62110561652717,7,2,High
407,20,34.809243316080924,42.840671117159815,16.420452142397078,17,4,High
123,80,15.679013287662706,68.62407498260725,22.22137289346799,15,2,Low
243,65,56.33485928307777,4.652089645312092,25.36330828381542,20,6,Low
339,19,86.57187899860816,42.12124932173042,39.99435911587276,5,4,Moderate
381,43,75.5655601845631,43.15412116609891,25.99178000144416,23,0,High
373,76,61.02642815714444,68.856162603372,37.638653482968195,18,5,Moderate
492,81,33.355084694683946,7.8087998583766005,28.183268438864626,20,4,High
29,40,53.769215594859794,19.235645094072744,38.54604935981665,7,1,Low
424,84,13.212035717382983,32.52306511096105,44.2881480131112,3,5,Moderate
403,80,66.10508818526029,69.26731803359537,22.195246741727402,8,6,Moderate
321,75,70.25864170078857,75.11066520564536,40.870248358916285,7,0,Moderate
250,79,91.85284606189269,79.41796956749023,33.65472258917324,20,6,Moderate
238,50,28.43576228705645,76.73547891668173,39.518827847659644,18,3,Moderate
430,72,6.661077713872038,0.475340467548353,34.54757706803416,0,4,Moderate
85,41,54.104761798443555,3.816667316309763,27.718485218224505,20,4,Low
444,29,68.6111453957133,11.808545532607093,21.84224818325371,20,6,High
131,66,76.13667282946892,27.90896774162185,17.10105675993495,3,5,Low
32,59,22.436503972232956,66.3934424789567,31.06555093382151,9,3,Low
412,89,28.55775821333213,71.41249562683844,44.70978283580597,7,3,High
439,34,51.13318327405667,14.946752503566643,37.14125415042619,2,0,High
105,21,34.75407289730016,49.57313212957669,24.820366241970497,11,5,Low
253,80,82.44603379287005,73.38895880522213,39.81614400260206,8,2,Moderate
109,48,47.63841383648482,37.098538874505664,38.0695200052922,2,3,Low
333,26,76.96207796918027,8.283485756222717,23.449073800603703,3,6,Moderate
73,54,57.255778443411835,36.62509200677,15.42922469382704,5,4,Low
31,20,74.57811274554008,30.063592183044577,18.54487915601849,8,3,Low
228,79,34.94056878772915,46.21263968528056,41.319185709361726,1,6,Low
481,32,79.827495973728,35.09269475256829,40.09689105914615,1,0,High
33,79,29.711508399591942,1.3876741482974353,23.856270026350874,17,0,Low
140,47,54.148892720296175,79.5198186730937,23.555862788532615,20,4,Low
437,11,24.26064018564868,43.48321901844567,38.78594961307414,21,4,High
456,88,47.7973869463574,37.89046043876876,43.13212409686266,2,4,Moderate
396,81,33.63576885578328,76.36938972032432,38.37411770392799,2,2,Moderate
39,46,29.00330875734928,12.468829406966169,33.167360310922845,17,4,Low
94,58,92.02865162252337,15.13900820361986,22.280140509954137,5,5,Low
419,61,19.406669493805758,64.64117992502268,30.77243742285782,0,0,Moderate
262,42,75.85932537116557,20.866486402000703,22.00535575779794,14,0,Moderate
242,31,93.57484635348935,63.93816850332215,39.24034260290321,10,3,Moderate
89,14,6.7911335366070045,21.722678632680203,26.608832385532118,9,4,Low
331,27,67.91246726378856,2.655010418000119,40.01091650982079,3,2,Moderate
230,47,27.76206250006584,41.36117791093728,26.44827653948176,13,5,Low
120,46,8.6439041895474,15.73491473014891,39.72448215599674,1,1,Low
205,73,41.260062106096775,60.627703434597684,24.999534454957256,12,3,Low
151,19,89.16960291537875,51.29597065857185,28.203981138530096,15,5,Low
130,88,6.058858493029792,73.88821343823342,33.464652580279726,11,6,Low
400,51,57.90971227368035,62.63906858125887,17.10862842089756,21,2,Moderate
151,57,50.12568307357919,14.462076387258147,43.44621185446393,4,4,Low
39,53,83.60457479339428,64.0126589331837,32.2081735837141,18,2,Low
413,25,12.560154306856308,51.33896358512186,30.23460044072407,2,1,Moderate
43,63,66.33734268979853,53.516131340849995,40.18181913359736,20,5,Low
246,44,66.20987285899496,66.5810308776119,40.97288189690482,19,2,Moderate
173,37,65.21720151760549,45.905925535115216,30.66781213587048,20,6,Low
312,11,89.81010454415333,37.28028114824103,42.81786977380912,1,1,Moderate
249,22,79.07787761061924,50.93128282869824,16.942132982294417,16,1,Moderate
488,50,8.777545361915541,23.836594316668727,18.396773767536526,20,5,High
329,89,47.39745656340619,14.607770486967944,32.9036469004332,10,1,Moderate
378,68,40.81577505812001,49.32702704569971,25.621975853807513,0,5,Moderate
424,78,32.91324989817218,18.707869526838216,28.926754985675963,18,2,High
221,62,45.62030526386876,6.393208747728538,24.842376536914998,7,6,Low
57,54,39.577476643337974,0.04433476682031312,27.14175934334807,10,4,Low
449,29,43.91005098907988,48.66555211200537,39.67939041438898,7,0,High
279,33,93.13356790477782,28.971902678418946,32.804285995629144,16,0,Moderate
207,70,12.976967727462268,60.18487765387648,44.92033647850495,19,2,Low
76,67,88.00077828548568,30.014111865048196,38.606375934628886,5,4,Low
448,36,48.221304212392404,38.88027585905814,23.2099876230548,6,0,High
39,35,61.1368020949587,32.56679782523079,22.930353531800886,20,6,Low
292,16,79.71646699559244,52.04598328874769,25.07694810351021,12,1,Moderate
138,51,37.441672623433,28.491132961197458,40.29778441943228,6,2,Low
90,56,43.73797172791702,77.10141199538471,15.818629519516968,10,2,Low
23,62,41.856663225084255,74.8917589278824,21.90543836613773,9,3,Low
240,68,38.725792028218386,67.8422322125825,42.147552610328006,7,3,Moderate
33,47,88.29763894822054,73.62402164581985,34.19689308249756,9,3,Low
22,78,79.60369020737109,35.93117507675128,21.80541286503169,21,5,Low
235,62,14.80999908766785,42.91443174315937,21.57434904697741,10,4,Low
248,24,14.731101722938643,59.36740740465956,40.878543052782916,19,2,Moderate
355,35,43.50825633676921,55.69167399508329,41.812725248311395,16,3,Moderate
205,57,13.879163905952815,71.25428764843767,22.68393272886346,10,2,Low
74,28,60.71837857440077,57.306482180535625,27.615310742295968,15,1,Low
407,18,17.932244653556054,79.83077665827685,40.03787215884951,4,3,Moderate
395,73,52.013593757012096,27.880463986527282,38.13022315829656,9,2,Moderate
273,63,5.649795230334598,66.63981937915344,39.41748319698253,19,4,Moderate
43,60,33.493671357138204,55.810785826613134,30.551945723639065,4,5,Low
181,48,65.94716513053899,55.31091561720149,42.346471449155196,19,6,Low
177,13,48.56350462050636,26.066847587599913,24.778546318633058,8,4,Moderate
101,12,93.04425373990892,62.8481433938418,19.70016403042554,2,4,Low
422,73,83.66934164595897,72.03008178780793,36.26196997694595,2,6,Moderate
178,38,37.31637011388361,17.483876921645034,31.180632480206892,9,3,Low
207,20,9.093788732504713,50.03974696933633,40.63757306428443,6,4,Low
79,67,81.10636701035169,31.370786328222017,17.43477747374145,1,5,Low
422,84,87.01108792832042,79.16384954359016,40.31077210314201,7,0,High
324,36,78.85646540771332,38.306625266534525,23.798839596264663,11,5,Moderate
338,30,16.515494682778836,18.265613903755415,34.64567001504549,21,1,Moderate
385,48,94.81236209710589,30.548610017746604,16.203863672347673,8,5,High
230,55,28.272579939749644,52.3070711853301,33.28743888910802,10,2,Moderate
425,75,70.1784421527533,6.087149707966102,36.51815067562008,18,0,High
171,45,86.72313887021494,48.28815361769901,26.062506435168608,19,3,Moderate
128,84,26.21184028976385,74.49798073431184,21.462321157864206,22,2,Low
95,74,86.74326992093594,68.02902301262803,31.12892029810635,16,6,Low
49,72,32.85334212753803,5.4138829326386695,39.995724133069395,12,5,Low
333,44,92.87719001456506,79.47119029912545,24.706420748899525,0,2,Moderate
136,40,30.313401834242715,55.89815389631033,22.574078925638386,0,4,Low
434,37,90.80922422820517,12.982465945121895,23.368059259130632,7,2,High
375,10,9.819018580340742,0.9932871335538795,43.473964587499935,12,2,Moderate
211,34,68.83448105028317,13.702610903372108,25.77830747293679,5,5,Low
38,52,52.890002045330334,67.05407365485908,15.108127196648615,2,1,Low
451,76,48.00893694104576,1.7311459956130992,38.45043623878859,15,6,Moderate
192,72,25.114488283025597,18.651784289446923,35.97824386006171,9,5,Low
247,60,68.50362107988428,60.58444762679003,18.857047938089067,6,3,Low
369,11,22.17285423016764,46.88884287185081,44.54712747404737,21,6,Moderate
202,73,54.75576163862914,62.618856828815346,33.24186855915333,20,0,Low
132,83,27.792082673622573,59.692040306143035,30.023384728218044,2,4,Low
202,78,91.00592418032205,4.0481109697443785,26.466578028686733,13,1,Low
165,18,7.576807445208754,71.40091352753213,41.960182666909134,15,0,Low
338,11,22.97554521001129,18.162546742581497,22.3189044425569,3,0,Moderate
135,43,26.807954574870294,44.2713952183811,23.573067006597057,12,6,Low
132,69,42.266104319103476,51.543052522222304,18.672324200597007,0,1,Low
270,70,25.945721768304818,13.490256870807631,37.773572867527804,4,4,Low
495,40,49.22141812419067,78.09850053607795,32.866478412175596,17,3,High
270,19,83.5218970932685,39.052476486984716,33.27198507763495,11,1,Moderate
322,85,69.08570792682536,4.611415647791475,21.55411293058391,10,1,Moderate
478,45,57.196578248159994,74.98096358222723,34.53505167381252,8,1,High
332,58,13.010286018441167,46.901427455461445,37.96375341740592,6,4,Moderate
137,79,67.4592897550348,55.93545583851011,25.736655921770677,13,1,Low
320,58,19.97728558798459,42.01406319473793,39.04041431885137,23,1,Moderate
180,12,75.77306473655281,66.7790363821574,25.46371765596063,2,2,Low
420,83,27.505108265913787,2.6506769754568715,37.74415384527863,15,2,Moderate
217,14,42.53438554888108,21.470269222171822,16.01190322373157,6,2,Low
279,70,36.54231820861351,37.571868512215374,31.53493804420958,0,2,Moderate
167,35,82.29325232073711,6.1282893050968035,44.0857968191966,5,1,Low
259,81,16.38900128420673,56.47253354613266,44.43733802047172,5,6,Low
66,14,55.90803941463098,31.49307312445126,23.45257735025222,9,2,Low
494,24,17.7855448498756,21.813439221451524,28.241972732410666,11,0,High
418,25,68.4316252518968,0.2703077446729818,16.88933723959899,21,6,High
217,10,86.45703150150331,57.5864249399963,41.20023922813799,18,3,Moderate
66,25,44.11468884805281,66.70474470982894,32.05716459420643,5,2,Low
97,46,48.92830342384783,31.603242854519877,26.553020368215513,13,4,Low
143,12,88.4680552834486,45.13743816266924,18.383116754674592,2,3,Low
94,61,51.889224978442144,18.214930074367874,43.403018564906674,9,5,Low
378,56,48.88385942446048,49.77581170241065,30.90657143462981,8,5,Moderate
156,22,57.049619243387376,0.9709966652160418,23.487837872487116,22,0,Low
109,89,67.03067627266567,39.09151176790068,25.506453903945285,19,3,Low
419,64,14.619503757832824,51.53643854725538,23.12091542766443,18,3,High
344,30,78.89994749673644,73.45534185837872,33.054294265709416,21,0,High
80,75,44.195452470793334,30.50686536978274,42.8989072734153,14,5,Low
157,63,11.511365890773698,61.215216238482384,40.70081409979693,8,2,Low
69,36,75.75644022783918,47.81496239548006,28.811426262779325,18,0,Low
278,47,38.925497451764485,74.16096903400644,39.79498086903024,7,4,Moderate
480,67,14.033074558554855,31.87021405275445,27.693164438289898,21,0,High
126,71,62.04011355889255,25.527627189839038,22.56921422275914,3,1,Low
132,55,84.21182180902775,70.9713598955315,44.502453457992836,4,5,Low
369,20,84.89781584725877,3.9395521126631294,24.116627039124655,18,1,High
273,81,91.18971273280759,10.910831434694144,24.711726929607252,13,5,Low
137,17,83.09349137900192,6.592354766723556,44.69078603359567,17,5,Low
217,80,5.19268274109277,67.4487965261122,19.01782479496965,18,3,Low
356,73,39.22170497720512,0.8485938696255513,37.816019640290854,5,2,Moderate
384,30,78.66883219149527,68.93257243976385,43.074382754481796,4,2,Moderate
70,81,37.96277053986268,36.101423629701344,30.35384982826256,10,5,Low
264,72,59.13936557417355,0.3220223083176599,15.075652851084602,23,5,Low
422,73,59.56852526370788,32.131614176963346,26.251768323393186,4,1,Moderate
445,29,37.852277363494075,14.944067283602847,18.347069771544813,7,4,High
54,17,86.40265345531589,49.952038997773045,27.48562982801087,4,0,Low
321,67,50.29055108475058,54.34870319373172,38.70080284926854,10,5,Moderate
429,55,46.83057853437507,39.002205632399985,28.161346466514015,12,5,Moderate
88,40,94.77623710957063,3.2415620351735974,27.957753640377675,5,0,Low
368,18,49.4150327665355,52.49030434937615,31.7036843075654,4,0,Moderate
339,24,21.055842673572293,67.3631026884417,32.45071754243041,17,4,Moderate
440,35,51.17624805770942,57.62594218611212,40.688889263969145,9,4,High
487,19,78.2615061967937,66.39663351642548,24.250663176868542,15,0,High
68,38,74.91742942084532,16.040761884070996,39.650137931040476,21,5,Low
424,89,75.9723588597624,71.11103517251861,31.97801246076142,13,5,Moderate
93,45,68.72214055981206,25.775476051837025,24.015886491514408,22,0,Low
211,46,27.879604616001938,1.072385140159282,23.853781320182314,14,5,Low
280,80,82.58756772562083,67.47133170632566,25.834125513171735,2,4,Moderate
375,32,85.40991188386386,75.34570151717814,33.680797278599265,2,0,Moderate
89,50,22.473742695669415,52.4446557933879,21.924351940798473,11,4,Low
109,89,16.74100728962545,18.51493043707397,42.61000685016802,22,5,Low
279,37,92.80444717302008,20.13955714260243,32.247377525337015,14,5,Moderate
145,57,83.14915672853311,37.32742987484956,42.6004733098802,10,3,Low
250,47,85.3912532488952,71.82648636811356,16.39213075737464,9,1,Moderate
314,40,84.77387461619557,11.96781249180467,25.2783411138442,19,1,Moderate
438,23,53.751814163035554,66.07789356667895,15.684229820628692,14,6,High
148,82,63.17615629992197,23.304224696412028,23.167554452939093,17,4,Low
299,86,54.08265669202775,64.68689355432784,40.860194168057646,13,0,Moderate
332,38,9.608571427129617,73.62169580812309,16.098291475266027,5,1,Moderate
119,60,72.09527768174954,34.19950975954562,28.084412997472345,13,5,Low
345,58,50.47988300022922,29.204052328442465,18.527012114196832,15,2,Moderate
316,52,63.29381673112068,64.17770551770414,27.505219777811032,1,0,Moderate
201,81,50.237582447798175,42.358630590351524,40.165547527931324,18,4,Low
193,14,49.263019009021036,54.755923877055764,33.69213100207557,4,5,Low
335,51,20.461019852999016,49.82633895689436,37.1026903599427,10,5,Moderate
383,16,30.084234362703405,12.231107651583706,25.47312346348743,10,2,Moderate
207,51,19.29674227495602,67.58322882316493,43.331930850304246,20,4,Low
76,45,22.609966606280818,15.662008913050895,36.277862813385,18,6,Low
50,36,92.56796423782744,74.58257152566246,27.653964578535927,17,0,Low
103,67,18.78021011949786,20.045703313771828,27.79394400681165,7,5,Low
171,55,29.234338187468687,58.71047786189935,42.56052533829893,22,6,Low
492,75,58.15306919647264,22.772431479487363,32.292140803061756,11,3,High
55,34,59.916071861297766,25.42283268694911,36.19137629709125,8,5,Low
232,82,18.857671676944616,24.800148222584426,27.511056735395123,2,3,Low
433,36,76.43456832066911,59.83138032208666,21.710782942941425,5,3,High
427,10,75.66825811215425,44.54520943755145,36.70677875983256,20,0,High
383,83,26.358593378350196,70.63619646779978,33.23471316424164,20,0,Moderate
125,51,30.979967240791442,24.589817536323586,30.04028641274338,23,2,Low
433,61,89.41890789135472,55.35940176453955,33.72062819983391,0,5,Moderate
361,34,79.31043013815302,60.235887973048854,21.24856758192701,16,0,Moderate
239,63,67.80173297562715,12.118569042396654,38.81816119595869,2,0,Low
410,76,12.400989935954048,32.04714858558489,43.44488415060917,17,2,Moderate
182,15,42.64376728123182,38.62539954803289,41.73309432503108,17,2,Moderate
458,67,55.33716848691443,28.454991191549944,24.643072359210514,1,5,Moderate
239,79,21.867015918539924,25.76900767753105,27.180173198462278,3,6,Low
289,62,45.34039238974021,54.913591519811355,39.252068993926834,0,4,Moderate
139,75,59.0923289739821,17.269311812759085,32.85351392473811,9,1,Low
413,67,34.46390121038593,56.7512596200903,31.437433310299475,4,5,Moderate
355,11,75.28503370554384,74.80353571125845,42.799259026003355,4,1,Moderate
419,85,80.64046234749249,45.21580169422009,31.080748829311524,8,4,High
201,31,34.124852249066365,48.91473893915793,30.448160387619296,13,3,Low
498,46,80.47914390432115,5.514616169927127,16.26055773799079,20,6,High
125,29,14.321890949271353,69.15815228942625,17.08250875770413,12,5,Low
236,33,80.39561887603907,22.83582297598924,15.222609236419505,12,0,Moderate
224,74,18.747538850085494,49.20409324228519,42.39732677350901,23,2,Low
89,74,12.463443725875344,78.32897357958419,27.251599800531018,0,5,Low
63,10,62.75978639969101,47.64020804582462,29.056841284002374,16,2,Low
348,12,47.47436291797649,57.976758997150206,40.36160842777386,19,3,Moderate
320,55,86.71015403715495,35.62556945790015,33.27738931127334,7,2,Moderate
247,64,37.68702764817643,4.829267481204589,33.28504789171743,2,3,Low
203,84,30.84370370938658,63.80794795918308,23.896032880644373,16,6,Low
126,73,50.066141552977854,2.7999073011188536,40.01725121773558,11,4,Low
103,54,46.03515671917952,56.05262631102833,19.974899281184815,17,3,Low
357,35,35.998524159546946,1.8337258519709554,16.594487765188436,13,1,Moderate
269,86,67.43671688284957,68.98441892613364,20.748100725555968,10,5,Moderate
382,74,73.36056505225174,12.610882866638446,23.03211656323694,15,3,Moderate
460,33,81.7685572127123,41.14171963540409,23.469331735626202,3,5,Moderate
40,83,92.55709442393086,47.77205635865179,35.115407958563026,17,4,Low
215,44,28.999057291925403,36.603632589872966,21.534737619859307,6,6,Low
197,33,69.44841342409654,27.261079147910976,35.299749134849534,10,3,Low
436,37,40.48324119461707,37.42514369447774,17.733965197013994,15,4,Moderate
494,89,65.93737747559973,24.913260310492696,19.416073832937272,15,1,High
26,25,47.83835213142983,35.04978776646905,30.26464345472985,2,6,Low
89,68,94.43957924911385,28.71303927984245,42.65687407729928,22,0,Low
146,63,70.6011922211675,45.29638588057162,40.78702766433342,23,4,Low
418,88,90.72421703908921,19.033932979598678,44.0626032732841,8,0,High
485,25,80.14725945330672,79.092524393121,34.51437195834512,7,4,High
179,24,86.2610910047034,40.06959627057324,35.27444599248276,6,6,Low
267,20,78.29772774932074,15.532966193160771,33.750689967944766,16,3,Moderate
222,74,46.32432173383202,38.1653399653818,33.68456768574592,10,0,Low
167,88,27.660960801219595,69.31321036198594,19.41361035202754,3,6,Low
491,77,38.328815790547,1.7445434499516477,31.31216868491786,3,4,High
162,52,6.82126093759554,54.364329528583106,26.582038003551773,4,5,Low
451,78,52.15938507182005,43.83742374351424,28.2761164733188,7,4,High
218,22,50.455202024336785,13.564639549610842,30.70801719177712,9,0,Low
424,19,52.27254183474394,65.39811514439366,18.85188515406755,16,5,Moderate
445,84,92.66281024748575,29.510769789920452,25.784632015563595,5,6,High
173,50,87.03086031093554,23.504162305240595,16.903486826298106,8,4,Moderate
395,59,19.55415004970972,66.25001534855208,44.39004391267197,9,0,Moderate
403,80,38.19942694003003,51.08200369533317,18.555840864603784,7,1,Moderate
161,68,43.15605615169357,71.86072669398595,22.755742156348635,14,2,Low
332,48,37.4479626066483,50.39069629369595,41.73878780110192,17,1,Moderate
184,12,76.86463672435218,59.26541263456922,29.481301387174256,22,0,Low
333,85,52.16339028808282,66.91567170076902,19.06911604561891,4,3,Moderate
40,16,56.48898352744625,4.379170872794953,26.526916141180468,17,3,Low
101,58,81.7712203089133,62.08391670955042,18.476039825741573,0,2,Low
88,35,77.53353380738227,49.09651854796614,21.006479912535053,1,0,Low
150,42,16.899037053826973,5.560623721215459,16.56089540849535,9,5,Low
106,57,69.25231256752708,40.686233749497205,28.146824836472998,5,4,Low
237,88,44.1892516011832,6.5966462387163105,39.19908365175779,23,1,Low
440,11,31.518401275625042,58.87577613785779,32.57907536099687,18,5,High
491,80,9.501693881196772,43.720137111830645,33.19035916453835,20,6,High
324,41,48.852460431090584,76.28588299298379,21.01752090249721,10,1,Moderate
422,13,36.98930126520783,14.650829725741588,25.316815297570997,17,2,High
390,29,27.636173570876075,48.48267620163028,40.35726311522496,15,2,Moderate
364,45,67.52045566372618,16.92657076563931,17.63568552979544,7,6,Moderate
360,41,74.25368485840283,49.125198778191866,40.73791961005601,3,2,Moderate
403,37,27.031056712648233,57.81197618886851,29.51070078794357,10,6,Moderate
415,86,9.450269301141253,57.78434634636309,40.11442293975352,9,5,Moderate
464,10,81.38774305087115,65.20591925460879,24.54019258183201,15,5,High
444,69,5.896376708387299,68.28401823666533,25.165288547490626,11,2,Moderate
180,65,89.34012445293249,6.1817381013741635,37.54814604969428,21,5,Low
197,44,61.48578865844353,27.461372565792324,38.54988520176661,2,2,Low
136,39,33.966197168118825,54.96980162878445,21.889340339704404,10,5,Low
215,63,27.18301186190626,39.88690299129697,44.18613974465717,23,2,Low
402,45,5.810509783802772,15.25407574038332,17.53470312734487,15,4,Moderate
346,64,26.192427530978943,44.21676561333584,17.055088893063925,23,4,Moderate
105,89,17.3955471365427,32.594852221291504,32.865126458583084,2,6,Low
308,67,60.094959865083105,31.203062212344406,36.682223033148645,9,1,Moderate
100,74,19.989102973442115,64.78029739485311,43.82658387674921,20,6,Low
171,78,52.576685378295736,32.6078667065745,27.148373423965847,15,1,Low
80,60,58.11047801100237,2.116360438433933,15.758742269688993,6,6,Low
80,31,31.823752851222306,4.645067111287302,33.086890183392214,14,2,Low
373,62,8.155845411684684,68.49952333532963,23.690880617963156,14,1,Moderate
47,45,8.352849255277649,76.8480648010017,27.988413635862067,9,5,Low
461,77,7.3712598974525845,55.07274691645661,29.65408446749806,2,2,Moderate
62,45,71.52122004228916,29.149463528006414,16.935378322141016,5,4,Low
188,61,33.62087343328683,75.0880252635782,29.579453536923083,17,3,Low
442,62,76.66701673708972,53.024246910058864,27.789590004129444,21,4,High
105,59,43.85595414585642,67.54668393594702,36.3763279585978,4,0,Low
196,89,45.769829074696744,61.26818432296075,34.36997733637034,15,4,Low
36,50,51.15943422586164,30.331145261807393,20.556471544516832,12,0,Low
117,27,69.17283107375935,38.29617606806284,21.18416754631191,2,1,Low
473,31,29.615257924673635,14.89057234944796,22.530185363231197,14,4,High
217,75,15.942861458017422,23.361128035258723,20.36851320891532,22,3,Low
117,30,55.045160167231536,62.25005290292174,34.71639599005401,19,5,Low
84,53,34.427986091846535,71.51827135064866,44.832905376008114,5,4,Low
349,56,44.824218230123364,57.956833860112944,34.56325021547809,21,5,Moderate
360,48,63.22520375035749,37.213895732531064,33.200446385738736,3,4,Moderate
24,38,49.471316702714354,6.920741515179802,27.297838000532174,14,4,Low
21,63,60.82509353907586,4.555835895875857,24.37740776579282,17,5,Low
41,26,53.9780001902265,29.946045169028306,42.33221270719437,8,5,Low
131,89,71.58167347424893,37.105737501413046,44.07005622426459,19,2,Low
76,69,68.5342955940458,48.72964977706375,29.903285267631833,3,4,Low
85,40,53.07709026277573,0.5191617109597768,23.706014865196725,15,4,Low
349,82,66.10127187737362,79.1778312373045,38.103666230093026,17,3,Moderate
117,87,83.62036420453515,29.115110672323432,18.973703726006352,4,5,Low
163,58,43.90441590093517,67.84757310408972,37.96764712931045,12,5,Low
387,11,42.14867654739143,42.79733645323235,39.56845122934016,5,0,Moderate
454,57,73.78210587671421,10.435156362667719,18.74711833881502,21,0,High
144,23,57.42984533377946,63.80524420276175,44.30584406389691,18,5,Low
186,68,11.390610220032968,56.78616599359009,44.56536871165436,11,3,Low
105,67,85.29008141219732,42.19488679433824,43.10158437982054,14,1,Low
95,67,7.770479201387612,41.1642473067024,29.88104428218793,8,4,Low
363,60,72.35567205887688,6.998368460074245,22.382224268304853,6,1,Moderate
443,11,73.29147284338816,52.46791588590993,32.46027842645739,13,3,High
313,50,90.77999767537374,72.89961246034397,27.59801515414307,18,1,Moderate
463,25,9.872096756208869,7.459593537708669,21.17845934151591,19,0,High
78,13,58.71711747060419,21.080916051912393,27.710292288535427,15,2,Low
157,21,43.50565135643477,72.1846378753679,34.91669507032772,22,1,Low
118,38,34.756965937358785,22.747512785583464,17.12739932357973,23,2,Low
211,16,13.128670426916573,52.315493774394106,25.002540043380495,21,1,Low
262,23,55.638870770417824,42.78545319545153,15.533846700384755,3,3,Low
338,21,48.11366531071523,47.70620840030897,37.48486516385027,11,2,Moderate
68,14,14.409901233592183,33.263112126180246,34.220738028501025,17,1,Low
467,41,60.1240556387375,23.999317644296887,16.880164041058975,7,3,High
51,83,71.41578082276446,3.8826760583735176,43.942126788059035,16,6,Low
410,52,74.05504709482834,59.54247514353313,15.67864671381302,23,6,Moderate
296,78,86.48358694361846,59.68747697553815,32.69881939428266,2,5,Moderate
39,54,41.85236676998995,53.65805920629786,38.29102385397167,3,6,Low
173,18,90.77654917599233,51.490703049569646,38.63688939134169,9,0,Moderate
402,58,82.88864645744175,19.497370573402097,16.028554067796115,15,4,Moderate
87,42,31.685141392154513,1.7875947013032967,42.19245397921318,19,3,Low
385,27,19.335473361451264,64.69723175083517,42.55355015781366,1,3,Moderate
391,18,44.18504565152121,39.29108285566615,31.84171119463118,11,0,Moderate
233,71,41.170883716037,24.54705045620947,29.462495966614384,15,2,Low
162,66,56.814737479808386,8.154552542445606,16.346023891877994,9,1,Low
395,38,57.50476090949732,5.017727272111072,31.85862427529606,4,2,Moderate
251,87,72.49882859419778,27.909337743614184,27.281372453106922,11,3,Low
232,34,50.89009533850491,64.37896518135524,38.18419222225968,2,5,Low
98,24,14.4340376846689,73.49789994670644,27.116507006582637,11,6,Low
233,15,82.24622019977954,71.74010916904518,35.50742499974129,0,1,Low
135,51,32.87881248666683,73.6000667799724,18.042244387125926,1,6,Low
111,38,92.41677142759329,72.61802745034741,18.988568122979007,10,6,Low
289,88,15.607409781179314,42.17798012803166,19.19130571947475,11,4,Low
430,13,91.2426055009253,17.553251084552308,16.365764993992304,6,6,High
400,66,13.191062619426528,63.84372662694563,31.239865778094114,0,4,Moderate
187,58,25.79325241523535,17.09703798820632,38.81903178130908,12,1,Low
77,53,9.192194787788743,21.376582140525528,33.31233611080998,12,3,Low
303,89,68.46018319750954,18.660345745803877,32.24864656658569,1,5,Moderate
45,84,81.52688629146127,41.19859229566447,35.418717852082096,9,0,Low
388,23,44.066397363438234,25.746200653526394,25.189359692160444,22,6,Moderate
466,12,88.56698675381867,12.332483970027317,25.858622149446866,0,5,High
85,71,58.12691645800396,36.25387295151059,24.428102946627675,6,6,Low
428,73,61.70064219018709,69.91257910281335,36.363267985607266,12,6,Moderate
267,54,81.08772815306929,45.64422839599778,19.849210070123227,23,2,Moderate
273,67,31.7120184546655,70.26684847100697,15.39075840938773,1,5,Low
406,29,36.88391491948632,15.669774806330992,32.88589340167477,19,5,Moderate
475,67,86.53567272751799,13.35790989380432,43.27144094202616,6,2,High
63,66,86.08671464348875,46.04617005587362,33.28223750988914,16,0,Low
116,86,92.88344985807838,37.06631212370184,38.48764958822685,21,0,Low
61,77,86.1654484797504,52.813811331756554,35.1837212839809,4,4,Low
246,87,16.46348324300248,63.570143282142524,29.92309960569049,10,6,Low
281,61,79.13518575232887,60.104583652174114,36.55177205351538,21,0,Moderate
186,46,41.885463029863466,75.3808938926849,39.723123715656655,23,1,Low
455,17,94.17212203513441,31.860512732560924,21.74194932515094,10,4,High
298,53,47.5052867895921,16.510939379854463,25.083914414494366,10,3,Moderate
108,14,54.84524742519986,44.07301119583086,21.711771975098515,16,4,Low
398,78,52.67974237311187,8.859449615294848,28.56518866771323,18,6,Moderate
197,40,33.956332687245,23.108089866530513,41.55193652750003,7,5,Low
446,54,11.751988000362635,16.631044421051556,25.356213025059972,19,5,High
422,18,85.60861073617266,31.72509734376647,26.234006673916603,13,4,High
216,41,77.24082312736581,8.89732600017723,40.81101704015795,9,2,Moderate
326,42,17.557410250370232,2.547339563847828,30.461229922340255,6,6,Low
286,76,74.90914442150655,52.54352037040255,31.063469989423034,1,0,Moderate
287,39,61.3261999445549,48.81991826318439,40.824036099966385,16,5,Low
93,85,41.822940912586006,56.668714883092896,29.715802110764194,0,5,Low
27,38,27.861903418600644,52.830915221707514,35.44672603888186,12,1,Low
427,12,82.37559051520093,9.14357449139068,17.569339976221823,18,6,High
495,66,68.01694333646478,23.286310510051706,20.35895139380656,13,0,High
316,39,54.29659185222232,10.362128792028189,27.13128602148737,17,6,Moderate
183,18,59.86116805086177,67.43779216388505,29.845172034596246,19,5,Low
104,35,13.195956387396288,59.75229242844186,43.97201103708689,13,2,Low
91,11,47.65277848200727,16.122160233459397,44.1195489914337,14,5,Low
74,71,22.43302635071318,27.304739239191473,40.53591262436285,13,0,Low
412,12,23.754531110794282,77.32919938113713,24.467965058567238,23,1,Moderate
66,55,64.51735660581801,47.53274863037212,43.92084872497319,4,0,Low
418,77,87.01305366508593,64.09244778409258,35.68022594028638,15,6,Moderate
451,34,41.33809494305119,21.16728278149833,26.78820383452201,4,6,Moderate
257,60,23.697434571097133,16.80423361434442,36.05024750954299,21,2,Low
123,22,63.38722435129888,62.713354307723876,15.495681893595798,12,1,Low
229,53,83.4068341715286,54.86979641851521,19.384640468226408,15,0,Moderate
61,44,72.34869210102417,54.4782343369411,39.89057134669103,14,2,Low
335,64,83.18815074829284,44.21076654633551,34.36720910619513,4,2,Moderate
487,18,53.28992039097194,45.08626742212391,25.92584103875652,20,4,High
473,11,72.66886199322718,58.8558004245003,30.01999920668156,22,5,High
287,70,17.60581034230428,21.60019848969562,42.154264489373006,5,6,Low
405,50,36.344715382687234,28.221477268556463,33.94734328437259,12,1,Moderate
282,53,40.059424803337016,69.7309416416044,26.944478518029907,15,1,Moderate
355,73,51.01661716214311,24.70921608097262,18.609799721926052,9,5,Moderate
406,40,88.61687242311413,43.70476571034392,23.81240404876683,1,6,Moderate
384,56,83.68669041999568,56.21115712053473,44.3502069838975,12,6,Moderate
278,11,17.10729430602661,79.99398614665412,28.120891885553327,16,0,Low
302,86,20.55106866942169,34.823306519626556,29.155183915345827,0,4,Low
133,78,37.18764946300202,34.2474301299955,29.95794097191046,3,1,Low
382,67,31.166947930160653,67.4070703546934,41.52312068844633,17,2,Moderate
59,53,60.329385784063604,64.44024890078906,33.1178485315593,5,1,Low
436,83,86.24984429880904,58.48607053876388,35.810311093557665,11,4,High
239,65,91.60623875053281,37.05837099272231,26.68240627647312,23,5,Low
148,52,63.82426572817038,25.915129612857264,15.87262855766923,19,3,Low
27,43,80.4343281260978,48.69843860678789,42.92918742728533,12,5,Low
120,39,52.26819802077174,70.09786345053128,43.47383042749219,1,2,Low
435,80,23.749425217403576,70.70219665668692,43.474591600441535,16,1,Moderate
399,79,52.221957088412964,8.679867605635074,43.310612599401495,22,5,Moderate
195,64,54.957434129388595,34.268022705052054,39.45725823208683,9,2,Low
126,76,71.82118077922009,37.177756495899956,35.53788150348981,18,6,Low
120,22,24.78946907366142,78.20922940190026,40.33529754801857,21,0,Low
279,12,38.147934387805854,54.23984121940676,33.01638717003109,4,2,Moderate
497,35,37.762472229310966,32.57971338096564,19.03108841676071,20,1,High
473,66,91.34956361670484,2.08463087884744,26.73654495124263,11,0,High
385,33,44.9550464294047,45.23081280793568,44.13884735918813,17,0,High
265,62,72.95845705683318,7.68607805106849,25.53413440786969,8,0,Moderate
294,79,72.57302432369951,66.75599658782104,41.03483741194108,10,3,Moderate
51,52,28.898976632291724,60.20149284562897,17.796344123246087,3,3,Low
156,69,56.46827204345589,36.8407327926543,25.02551527126409,9,0,Low
31,67,85.48726039867833,34.33686236333598,25.528599741821388,0,5,Low
414,58,47.76779475112545,71.78711724550149,16.548076293269403,1,5,Moderate
321,51,90.06057566082914,23.07666803345027,18.57282990560265,8,5,Moderate
394,85,24.301240639174544,19.921596968541664,20.79495633365313,22,1,Moderate
35,75,11.674319519662767,75.13579462606097,40.13446772430339,17,0,Low
148,20,85.23084858302744,64.73966694027861,16.902059698194194,15,5,Low
82,27,81.2913078165995,65.65004744537558,23.961027040331615,22,0,Low
128,61,94.33308883404602,15.615505142074042,15.305250077678025,13,2,Low
394,55,66.14541393011834,11.463679314474753,35.86883236209074,3,5,Moderate
40,53,89.30191340004346,2.082363985370792,33.60909270130139,1,2,Low
177,31,79.42541225756997,18.963320713494404,34.34946786159425,11,2,Low
288,62,80.99836998080782,61.93523933714598,26.231483541438564,19,5,Moderate
181,68,56.22274134088414,19.203073501131982,21.24803463802707,4,4,Low
279,39,39.41281381250398,58.3282626875901,36.609606398581,3,2,Low
431,17,89.11022652889537,20.152661229393722,39.333536182220854,14,5,High
121,66,43.8905458054305,31.623399836053736,19.158044942946052,2,6,Low
242,82,53.493743052470215,78.65298319291267,29.60488283812264,21,2,Low
78,29,45.1502876412669,19.584938502730846,22.461470459365877,16,1,Low
266,34,55.83364825641774,30.10965018386141,20.04320583618401,7,3,Moderate
147,28,47.34545710930945,24.086974437217094,37.02975940484997,11,3,Low
302,14,9.317080272152829,8.769998906400183,31.14290806418511,20,3,Moderate
344,84,84.38433674069287,39.191531370465995,21.485559971360033,7,6,Moderate
44,88,44.99544370241928,30.295253066640182,24.30000033634635,19,4,Low
150,81,58.004928365661385,55.590966864582406,43.99961013983227,19,0,Low
372,36,17.526902248218832,65.4075637561237,40.4603869412567,4,2,Moderate
215,49,5.3049063184375225,43.53997715965108,41.39840228619385,20,6,Low
300,35,27.076108427927867,2.575713766986949,28.800362912421242,5,1,Moderate
423,36,68.41274289200152,49.51378849877773,33.71421791762625,4,4,High
437,71,13.927507710159073,4.4312584016751355,26.30303220613235,20,6,Moderate
173,59,86.79986963478211,49.308505887921996,17.331359270666717,7,3,Low
401,51,24.35203124205661,54.80239594153508,27.032079319703477,21,4,Moderate
152,38,23.413425286259823,15.821410209401474,32.81942259621434,17,6,Low
246,48,21.335716545934595,65.54769189774169,23.614328123043943,3,1,Low
208,69,6.258354167422827,72.88681052592389,40.438517241822474,3,5,Low
495,50,74.46249216304112,65.04695712910558,19.53300477523796,4,4,High
496,42,83.75310781207327,24.408735216966573,26.013872683107596,14,3,High
284,25,60.2746432354579,46.93144099565075,18.747117159726088,5,0,Moderate
391,32,21.937998351187606,73.18521193529821,27.14496401955676,20,6,Moderate
453,16,30.675019724679178,25.653178097827993,16.189839149228114,15,3,High
153,35,47.833402762846696,65.602225781234,23.176481851849363,13,6,Low
230,21,90.89113564609707,0.7580105009357219,27.02205765341051,13,3,Moderate
79,81,27.26162346359685,0.2917362227741016,29.344960898300748,15,3,Low
447,14,70.84813135278992,60.77693282711739,31.310890754254256,21,6,High
396,78,44.55034009636283,60.91580657016969,23.249733893697567,23,4,Moderate
414,58,31.80626135240196,63.1181750281835,30.69124003844617,3,1,Moderate
469,35,46.03243433199024,74.40214703105299,30.270138646861795,10,3,High
450,14,11.408604578710928,9.432504945622737,24.485341526286252,18,5,High
383,31,76.88186338373262,18.55879879869507,39.90600991969435,18,4,High
383,88,26.897173518467042,72.29799362990461,31.369233797806952,7,1,Moderate
476,22,70.28709108736734,14.178895821788275,24.96809156239635,9,0,High
232,37,11.151353430337526,54.57834140612672,43.420155362423294,4,3,Low
235,42,90.95887005491174,42.43704000326523,40.35337239213483,15,2,Moderate
245,32,22.371348686512874,6.65549414812058,44.47763434655403,2,4,Low
489,27,84.44678685863724,22.821092955322626,35.76701623936262,9,5,High
150,39,77.8525888653891,41.62977731527743,26.346687165181407,23,0,Low
95,35,92.10739316732743,68.18800933470672,23.425820000370372,12,0,Low
495,25,48.01015948511746,56.603079169173895,34.89953531023443,6,0,High
305,86,70.46575644613564,49.75065291639464,44.42449747485911,11,4,Moderate
493,48,38.36395913340056,39.682631195313185,33.80145240311546,22,1,High
296,42,21.593141421772444,23.894718705130742,41.448448229695146,13,2,Low
175,35,44.876833964010395,9.539592905540895,24.87310293143306,9,5,Low
267,57,19.91741138496094,32.72608276528764,27.20861347422767,8,1,Low
237,74,93.38401605077455,2.281479512903406,42.1882571876806,11,3,Low
209,47,13.662184202664474,16.884471141348047,37.706001058734564,23,2,Low
436,11,58.02905511073584,34.59867006981278,44.442309611037174,2,1,High
488,15,61.38174697286503,33.488414853753206,38.24292629196726,12,3,High
182,55,53.42715885866488,3.543634479759392,28.455471216546954,5,6,Low
199,59,64.59672971406502,47.1248122820233,30.932040594670895,5,2,Low
53,47,15.456269751070185,43.9747404682589,42.015464773894095,20,4,Low
60,27,54.9516671784762,6.248344321673027,31.549402082941437,18,5,Low
326,36,30.84913140146254,75.45304419683515,22.661921224933355,6,6,Moderate
450,50,89.6158456970951,7.950622316068809,28.068594383098485,3,5,Moderate
357,81,73.58644880957532,68.38673209898688,30.48947966547354,21,3,High
333,83,92.52630339437684,0.024778553200475173,17.90159500653389,4,1,Moderate
94,26,8.380046276617058,70.58248760363065,37.3128802275867,0,2,Low
460,71,30.661985766263783,1.5775785763450045,18.28061800064919,17,3,High
298,38,22.588032797451408,60.62496255136928,27.14753140106417,16,3,Moderate
195,67,6.003912858064745,28.935264904020237,39.138673246212136,8,4,Low
403,79,26.80931572216893,59.05734401090559,29.027110848398905,8,3,High
169,87,66.0898385168386,32.13961643399828,40.26046559155524,20,2,Low
292,31,25.79800299211117,5.672633786547339,25.25643966168345,23,0,Moderate
344,15,50.81031009343564,61.400535631629126,43.72908881995306,9,2,High
127,35,84.90363034684988,5.700214825709198,21.28405295415707,19,2,Low
158,48,67.43821283141676,73.76963487689744,16.147924349679037,16,4,Low
369,21,40.516616291542874,4.07792286333291,41.17279628971256,12,4,Moderate
290,23,38.52220450208975,38.346022221721235,37.566081478512245,3,5,Moderate
366,31,46.016223260763624,57.84275446806365,21.959515112021183,22,6,Moderate
438,60,20.933729695391573,31.45971718336302,44.54224821410022,17,5,High
308,32,62.06006906743893,17.378677967394776,30.068403878055832,17,3,Moderate
231,57,37.77375371941449,60.72727691168217,43.53196320432491,21,5,Moderate
400,80,81.71288143358393,62.743576383098116,30.15086314160998,8,4,High
291,59,73.08973940520346,73.81559871634937,29.15623760313873,2,3,Moderate
437,22,59.94618476829441,30.093208834486216,28.47415611433395,6,0,High
85,19,37.77820003845645,40.50013875978615,25.046258283988507,14,1,Low
443,64,23.893864850613596,29.05027542768576,31.01104491529655,8,4,High
267,18,74.85366776950606,20.566545748109455,28.576639858457035,8,6,Moderate
175,88,48.776818909197786,60.082636923008685,16.102406298706626,3,4,Low
66,61,25.227503435962177,27.172147601356436,22.813057002705076,17,0,Low
442,11,22.56571535360056,34.25195535938816,21.39368400316675,16,6,Moderate
473,34,19.88608140512231,32.293892609922224,41.023068069632,21,4,High
220,22,74.94450765850355,57.01289805173967,32.96609931680524,20,5,Moderate
167,60,25.608846677028055,73.42365008885439,37.91049301349182,5,5,Low
143,67,52.39780371726778,53.340484904590184,43.704781132478416,6,5,Low
20,43,45.63917248757508,37.7266076875386,34.3211781757923,9,0,Low
475,44,57.16498093054555,62.336409179110674,44.478299742142326,9,3,High
266,12,83.94394103340748,51.277705929771,24.352921549563888,5,4,Moderate
362,68,83.09726510735575,4.848828569425079,20.588015469386818,5,4,Moderate
147,79,45.596846464237366,7.653086913507332,27.099296639787344,18,5,Low
210,57,6.382962566125098,3.0333555258906664,29.12398244807424,7,3,Low
86,73,43.379942514287286,36.545306096505584,41.86084628557755,8,4,Low
23,28,59.557418368172634,66.06827474711719,31.79821317110029,0,2,Low
461,76,55.19882831882556,25.046653548108164,23.76542998254051,15,0,High
428,82,63.6202495220185,30.732814647398534,37.279028486025624,5,1,Moderate
322,85,18.866815922577516,72.75816866943126,30.174958114172128,22,2,Moderate
313,14,63.18815889026593,66.95227562533239,19.863958358255104,7,6,Moderate
162,76,21.438645686939502,53.2038489906048,32.30459362773757,14,1,Low
210,20,72.54715826270741,21.344302567380105,42.341836104218515,11,2,Low
40,77,35.5178851936412,9.36331861507548,40.2786785242746,9,2,Low
246,78,68.89058900433082,1.2847058144090973,32.604299179059936,15,6,Low
332,10,9.307903901549638,8.56085380835367,26.312495216549642,14,6,Moderate
136,72,41.70740230318221,23.40771548991542,17.609362531926337,10,2,Low
456,38,68.45310700369996,44.14320508635966,29.089467699948713,23,0,High
321,21,25.41834646983447,5.120006620190951,37.56238312588738,6,1,Moderate
161,86,76.57583403175003,10.89822226547592,25.808211591990318,7,3,Low
479,50,61.77017597944388,14.486456184635284,22.063404766549933,10,3,High
420,11,57.88055949348185,50.5585674386645,42.9413915781286,8,5,High
58,46,36.81939687839034,49.26318391840995,39.64667101373978,6,4,Low
412,54,48.420632334300585,44.06125810977223,34.14826858260434,14,0,Moderate
374,89,58.76143708800678,20.04011397567517,19.10350031761558,14,5,Moderate
271,57,47.52159025234014,29.68957529749856,19.347265212185192,15,5,Low
352,33,67.84819915465042,7.735177307019443,18.096587743673368,2,0,Moderate
226,31,44.03272397962636,18.116848300644392,33.488900006782295,15,0,Low
229,20,23.20458635678273,71.81641811780644,18.46688389420008,14,2,Low
134,67,24.25404045209425,78.37533971486627,40.27881596587899,0,0,Low
244,55,5.522339195864698,51.81276685122357,44.788950054579665,13,3,Low
153,38,32.08619440028052,73.34586336187361,25.99044554125996,23,0,Low
270,44,72.40258764306677,51.419352032114006,28.610095409012924,21,6,Moderate
238,24,76.47464379538486,2.6557188884375904,36.35001530957037,10,2,Moderate
426,69,23.2220787886175,79.74100679891272,43.114590189772976,2,1,Moderate
462,51,91.3139597184267,7.916184134922792,41.82281320669155,8,5,High
110,52,50.2162514132114,54.61134411560486,16.72775486249546,5,0,Low
373,89,87.52808741166524,20.226896245983205,20.07215407670295,22,6,Moderate
395,83,68.6088753675468,31.35848903255681,37.637915956733764,15,6,Moderate
65,58,70.01900807201717,51.674734784075056,35.66679324097342,10,5,Low
57,73,12.653925917546403,34.91898794461656,18.996557821203698,17,1,Low
161,41,24.79920142072376,20.04368471449026,30.06193746004703,16,4,Low
119,73,5.793334996502537,26.755694950265976,38.42443893255887,16,2,Low
347,11,69.45148764290637,27.323849353854108,21.56342046788081,2,5,Moderate
209,33,35.9994459585659,76.7459123606571,41.13862907203999,18,0,Moderate
54,75,75.79872644687121,63.88904127387608,16.58915324461104,23,4,Low
166,47,35.50425979433236,36.683901718352004,38.46585255204222,22,4,Low
49,40,78.7400377068975,15.98567362730913,33.47456699369611,14,1,Low
353,35,16.76284283734817,64.88128882101248,24.455980399630473,9,5,Moderate
103,38,20.60358410817574,12.57459772866988,36.627976450257336,7,5,Low
388,76,35.678888562554285,16.836977371360273,38.47097385453479,16,3,Moderate
300,87,41.763864999404596,29.28107134721209,43.01696913911908,3,3,Moderate
443,34,36.383252975868054,70.42785566815921,26.03324016462791,7,3,High
363,57,73.72823292708979,10.54293349072882,35.58050207939865,1,5,Moderate
289,74,13.725625336404324,9.778735428362086,33.078488308040725,22,5,Low
173,62,36.60953176746392,39.517999064421275,30.756182083712652,7,3,Low
121,76,80.35159995639134,22.112843287493973,41.71249422465114,6,2,Low
234,27,11.011736953595479,45.49823533185279,15.09501942415201,8,6,Low
169,18,89.81091569042216,36.13093477465788,23.46334818310793,17,6,Low
451,47,93.76851580448115,34.796728508097345,31.148317186344904,16,6,High
102,30,12.971135644257208,8.957837638959463,20.34879784909657,0,0,Low
129,74,31.214527003016325,11.283975219987212,42.23599601198275,11,0,Low
454,30,38.51605994318206,65.68628619574801,34.42785352839046,3,2,High
406,36,74.87522317874534,70.87061900573956,29.336489838959697,16,1,High
445,79,58.633413090506046,18.774682630820017,39.44105277199964,6,6,High
294,53,62.99291304433106,9.076840121981524,28.526585743953113,23,6,Low
220,37,73.17588405366554,4.2733337547608485,31.759590357900287,2,0,Low
303,54,15.618109949332315,48.663809099351745,15.08252986661763,0,5,Moderate
487,26,79.98885112192362,57.22825700001644,25.971015905852205,18,4,High
192,49,68.50578237621296,29.82479913625644,19.163714170529094,1,5,Low
346,12,56.96075526767333,54.37406939925117,35.690660419868735,5,0,Moderate
225,85,85.0761801304751,57.03670524476209,29.370808769272013,10,2,Moderate
82,85,68.02757184954264,74.82738251175243,24.05272671750692,22,1,Low
92,75,23.152996636792288,5.18989102680858,29.03497018115227,20,0,Low
270,55,43.67708429681001,15.383337858486383,21.288896638540386,3,2,Low
143,39,49.463858024215995,5.482079007759051,42.75259897458422,0,4,Low
394,78,9.969586407536507,69.43951466688884,16.61917897652739,10,3,Moderate
140,18,90.91737620240502,63.40697280268549,40.96251105888361,15,4,Low
294,20,16.571953471719063,45.97136564974712,30.340763662000526,5,4,Low
450,78,67.77151405040541,6.693072804094653,33.56839488416452,10,6,High
417,75,50.560793248179216,21.86498869229757,24.078168627261114,7,1,High
139,40,7.306902489598032,23.817587844681356,44.00092850382964,19,0,Low
441,42,88.22727282779255,44.85945568123337,23.455528755584695,0,3,High
456,48,81.66531279370399,20.64351152293724,32.66633991420913,13,2,High
336,55,52.183213511345194,5.836789113036387,44.80250115321387,20,3,Moderate
183,46,25.604810252550074,58.46098414826395,41.43283189150337,20,0,Low
443,69,15.946060161208482,23.926416932432907,31.08989475858318,1,1,Moderate
484,40,37.705323148891395,36.18993416186405,44.71123568901636,5,0,High
305,20,27.988545294148146,10.213330798584428,36.04109585197844,8,2,Moderate
284,11,50.60220809056688,64.20386427156637,21.26101248425428,13,3,Moderate
339,36,91.97683665110861,45.24255015392461,27.16788631307419,21,4,High
180,11,56.745814390667725,72.12685009678903,25.03480002034653,7,0,Moderate
395,30,85.09379503010881,39.63772504522667,25.320411248135674,2,5,High
327,67,63.57909537461995,75.31405374543039,37.81369318079599,9,1,Moderate
108,14,47.77218739284804,71.34945635050607,32.52788781818381,17,1,Low
161,61,81.91468064600342,46.116788516738715,16.142781347685855,19,3,Low
222,54,47.423129915569774,74.71147505198907,41.323454509529284,8,4,Low
328,29,83.17653534593249,25.847099783564182,23.903884214404936,8,2,Moderate
246,70,31.241909261818876,29.251373016336906,44.91224630739431,18,4,Moderate
462,47,16.59317663866893,3.6382361044829548,43.62572191004357,12,3,High
353,29,81.97830179266445,47.13607254110825,43.215921500458954,0,4,Moderate
241,34,57.86736474134001,57.75391759431467,39.33382812191921,16,3,Low
60,11,85.01831584240641,61.88153521936825,21.618399950506276,3,4,Low
215,41,89.40444862931449,11.985302883688265,30.97898232086346,3,0,Moderate
87,35,9.826555133430425,35.532725785000025,21.729078804749236,15,1,Low
495,79,50.08723716729815,14.149056967513252,22.790263667668476,15,3,High
283,50,38.746809416707634,52.97018790833991,33.32855308308832,14,3,Moderate
21,76,61.32725573631054,12.63570979374145,16.2250063605919,5,1,Low
380,10,76.42320774820912,72.33309471648599,44.08375700462123,4,5,Moderate
144,60,30.253119437693204,18.45077165291307,42.56019517733893,21,5,Low
129,14,55.11185459358545,23.31218130305959,26.423027164731593,9,2,Low
105,22,68.78557219144096,68.07250577207998,30.46267344020739,6,3,Low
444,28,17.09879745521606,36.677408811657905,28.98358257803277,6,0,High
139,21,78.26602153561402,1.919675664005842,41.465993358524095,9,4,Low
146,57,59.549863986767576,39.56690009621166,35.658056289483326,9,0,Low
274,34,90.45836934022866,6.763466830409843,23.34333742273069,14,3,Moderate
202,66,35.55760272176239,78.82757749498485,28.405237633958905,5,2,Low
35,44,14.73313481034788,47.04892563644819,27.868979270602914,23,3,Low
496,85,50.58510809332328,20.522609408878274,43.78005504851756,1,2,High
81,14,12.722969453849498,45.09741436380942,20.25932731543919,7,1,Low
388,31,92.25738709916061,6.149368270540387,17.68729011883287,19,4,High
451,86,8.481646243147239,63.99130434150536,41.4185649648507,14,0,Moderate
177,66,72.81535109965772,74.02624430913309,41.900579685176126,20,2,Low
287,56,52.259215832801964,69.95555105649277,41.15217263736494,20,0,Moderate
54,63,38.17585872484598,27.340608183885024,30.329307468766693,17,6,Low
286,12,10.925794805778919,26.06144957146948,34.79233284808382,4,1,Low
83,62,60.995023175624695,2.8070088973039997,31.900891426829517,3,3,Low
69,40,57.66982964518597,52.11202869607334,17.08343478163203,9,2,Low
488,78,30.279494576083977,42.792382735183594,32.87504690702167,18,4,High
274,42,86.91995312692809,36.74770970618731,15.408424417683026,13,6,Moderate
168,81,32.36990066085532,72.61047626677656,24.749622286712587,22,2,Low
344,59,45.475286953289555,13.430312086627705,42.96877727619501,23,5,Moderate
323,25,53.93862103267901,0.7733013352145868,24.121358089074228,12,3,Moderate
295,85,14.020869035865749,5.865316169661234,43.19479927932744,9,3,Low
376,86,88.89455472922691,17.86971502618951,22.504018714477326,21,4,High
470,48,38.7082537205937,2.662843941076556,24.436867213845975,5,4,High
191,55,12.270129248690925,40.22749685145084,33.8522248931566,12,1,Low
436,56,39.8562056307797,25.127236418686245,37.848809183678846,20,6,Moderate
220,53,59.01822923833226,14.438640645450613,30.04163304014652,10,6,Moderate
464,18,51.228740463919664,60.00672599589297,41.46347061582466,21,0,High
412,59,67.50877766335466,16.356106098602403,16.207212648318578,14,2,Moderate
343,86,9.993554786111957,55.00840807950346,42.66584515903112,1,1,Moderate
54,69,30.60865492448505,27.941192467811113,20.88923399686224,14,0,Low
484,24,78.7307519156092,40.94622085300436,41.527162352539676,18,6,High
235,45,12.190431901222478,74.70936318810558,27.025895384591415,16,1,Low
499,72,81.99373592263618,2.9881307852650263,39.98271167613113,19,5,High
84,78,13.270648286939563,40.02116059819695,35.149966494110856,17,4,Low
27,89,80.10087934025266,68.35383682620946,20.278248974347864,5,4,Low
320,50,37.4709560970854,47.03793986962788,42.541427096443456,14,3,Moderate
362,83,60.09881569314942,22.14964135721253,22.365521714653788,16,2,Moderate
450,33,18.759840408319835,31.814490811602745,22.324203560849973,23,2,Moderate
443,58,10.955184955266276,54.42125029828596,39.425366899121414,21,2,High
351,27,24.43443836181216,71.26495154510424,18.176197667175632,8,1,Moderate
457,16,16.5068436117826,3.2853098997289276,21.66107719111381,11,1,High
95,13,33.11653079116686,5.723105751230113,30.110327202631872,21,2,Low
193,78,51.294492185991814,26.004121888767003,39.91431086059873,22,3,Low
66,69,57.98835172085086,18.62237475499832,19.424519242118023,4,0,Low
34,64,76.08812966417686,21.19447089779248,31.43004703537039,13,5,Low
380,25,64.06159039235229,17.701599890070476,36.337217754088186,23,1,Moderate
166,38,59.788249261659764,15.666003908412618,40.817856741478536,7,2,Low
45,32,42.06038247371972,10.449917349543343,43.06696680606659,21,4,Low
327,23,47.64275914641248,74.71633054361904,38.53919743406797,16,1,Moderate
112,88,42.306874645116295,11.535157112492245,34.58485194666005,8,0,Low
425,58,80.79494270552448,16.352301981242896,28.008602559382975,2,1,High
251,42,25.700040729355987,19.701257918462858,18.36330462565259,6,0,Low
40,34,5.514883838776816,74.64118985043365,36.29211577576564,11,0,Low
326,30,63.61879075036153,60.45713068808678,44.782119134264605,2,1,Moderate
57,26,23.221596527494825,63.17595442524117,37.102817841962995,8,0,Low
295,32,85.11036226788283,8.380660763079844,15.501332812131789,13,1,Moderate
176,66,82.31416967359904,66.90479000125373,29.88779934125516,22,1,Low
198,67,11.90546347353853,32.65544654539344,33.43939897448712,22,3,Low
151,23,14.574956487266961,21.0258420969911,35.690226033085295,22,4,Low
330,29,49.56544330219997,46.06000668162484,36.591775068021256,17,5,Moderate
474,39,59.83003964924192,65.77463246533871,31.743253236495722,10,0,High
367,28,29.74175037340167,62.292172085992746,21.70080998202721,3,1,Moderate
47,62,69.51179450294336,71.19979860649056,43.2660198442964,7,0,Low
279,65,58.54244188269844,74.25057488123551,35.89999402990986,17,1,Moderate
425,86,34.23416987736992,19.049765714219966,22.105201106082284,12,5,Moderate
95,32,7.283433923808404,33.90863153354174,24.669654968108187,3,6,Low
448,71,72.51352531686659,1.170283136405601,42.65783011891109,9,1,High
86,42,24.327829924257443,70.3457327412048,41.624555601220074,7,1,Low
361,27,80.10263691163655,12.365772117981404,27.15439315074269,11,4,Moderate
213,82,42.82612340488296,68.91798498741554,16.14921665974353,18,0,Moderate
491,42,56.936969836858886,26.35098575892771,16.454921066818144,11,4,High
181,41,83.56538573681017,29.450687198491057,23.51754872755167,21,4,Moderate
366,70,82.7260700827958,3.13058035870875,33.87366658016998,1,6,Moderate
458,63,38.436761771921596,26.150303181225567,32.52583906003686,23,6,Moderate
380,26,23.80000034433588,71.06909462410113,34.014833608318284,7,4,High
276,28,74.76314699557352,2.0437920897283313,36.5184891579632,12,4,Moderate
91,79,43.9772183241918,32.50619784373803,15.570967607782153,0,3,Low
106,43,22.283779420310367,2.511970385019291,18.152567855173288,2,0,Low
441,34,86.39828080854352,29.673874008725196,25.78450355481638,1,0,High
281,77,22.829377481697865,13.811251262423294,19.645799925647452,22,1,Low
233,83,7.322645137210797,20.177471461469764,17.259601276336625,22,0,Low
172,83,6.825197639067797,70.20786985291352,34.228931879919955,19,5,Low
229,20,61.008382080883784,34.88393764975128,39.46009432473297,7,4,Moderate
420,25,64.55075546457773,21.903839312152975,37.578799723028474,2,2,Moderate
80,70,32.993753455128555,47.147070236043824,39.51119335827538,20,6,Low
287,89,33.800989032235705,11.36855678660659,34.975696321736315,14,0,Low
281,16,35.554452355394844,20.751328593668468,37.060359654426065,1,6,Low
237,25,66.21426920829907,43.69983740823108,23.15336322624904,16,6,Low
302,25,10.232041192414574,19.001843347845508,44.79024108852493,23,2,Moderate
155,49,88.62047174221931,54.33021899206986,20.494969634816613,5,6,Low
486,21,25.02689397597018,39.319304180761804,21.434816231681474,0,5,High
399,44,94.9705884717883,61.75912562037527,23.667654954475406,3,3,Moderate
381,30,20.43704244084683,75.85956285779748,44.259972903197365,18,1,Moderate
468,59,74.43918115811397,9.264391147792619,44.64865768061718,6,1,High
460,52,25.10712904366625,26.77320079876359,38.846812491194925,22,1,Moderate
112,26,12.276212147892858,25.563925030272525,33.871727956789016,21,3,Low
128,41,83.7439991915584,12.09463354698034,30.601877255538405,13,4,Low
260,50,82.28761332718027,64.82425098667767,44.11862537060537,13,6,Moderate
374,15,41.32133532046412,60.7902963231032,35.868684085747425,9,2,Moderate
443,36,68.21565282863841,38.75403766675192,43.341903849780905,23,0,High
161,29,55.135933941552544,43.02166222356877,24.496523984328718,6,4,Low
310,34,81.76605023063739,4.7635310401997,25.01324376808697,15,1,Moderate
451,75,33.355037238678904,44.44058818616365,40.64173782355307,3,1,Moderate
256,18,52.13051599990867,63.30732192157092,19.49564761755883,6,6,Moderate
359,62,48.68351340840954,45.90620588670858,43.37783583888228,14,4,Moderate
331,70,36.851524363117285,21.224509609633515,30.224230639902224,16,2,Moderate
196,47,85.2309558100735,53.40386178674698,42.79241635751093,2,4,Low
160,12,19.929013219628192,28.919074397219813,25.103783661774393,15,3,Low
208,79,18.455777556862653,43.58986274285882,36.478767124181914,1,1,Low
68,64,56.921858179047625,39.00522906231398,29.48625365918069,6,2,Low
321,10,64.17448069864477,30.49400007721441,33.804108907364196,15,6,Moderate
388,79,22.515732889210867,57.51023843153081,30.131174794174566,20,0,Moderate
209,54,40.16456980291617,70.71008895887054,44.013468521140844,8,6,Low
155,56,90.19074586808694,0.41700147815399546,35.76316193441752,11,1,Low
62,88,27.19556804216066,74.68932153842938,22.53956905878946,23,6,Low
423,35,65.15246319056547,40.921210886657995,42.29030765715254,0,4,Moderate
399,23,71.61344543278317,56.05855042906121,23.82089214465313,13,2,Moderate
372,63,45.331582951864355,68.44996529407017,26.14815297902569,10,1,Moderate
109,80,89.37733880836247,37.36829538514159,18.063710940606402,17,0,Low
314,55,71.29910616969114,66.79792586919122,41.998995593885724,21,0,Moderate
360,40,46.213212187480806,14.209585556416178,23.58336069683589,4,5,Moderate
264,68,56.24016815984846,12.733402758385157,22.76752853794147,14,4,Low
452,38,67.33520990825906,52.59770950849229,42.60787793984862,6,3,Moderate
211,26,58.29711623862964,69.61144044413898,39.165805872151,13,4,Low
337,23,84.08278254434683,71.39409420288315,19.23236764558123,19,2,High
125,45,37.119979605236104,51.49923667017973,38.07973511711042,7,4,Low
382,67,31.989716605022444,42.0391384167454,42.39099294161372,3,2,Moderate
329,33,24.24550005457379,26.511447015721295,17.355336546322317,2,5,Moderate
401,72,8.400467125813563,78.40003324794651,39.75644984713719,11,5,Moderate
252,34,8.87125679420498,25.575654933300036,31.42260155619168,17,5,Low
284,68,83.30496737983545,59.53488857852746,35.075923481364015,23,3,Moderate
363,41,66.05538317653165,42.55854399240006,29.785630167148106,14,5,Moderate
56,27,64.44791738928376,48.68098740202774,35.93409254715836,10,4,Low
324,46,60.31785370413974,31.478444047090093,16.022935850002597,23,0,Moderate
60,35,81.42972302246943,77.18585003777983,37.88120169669851,10,2,Low
36,18,48.22402330990647,45.734586087941686,16.000310935768752,11,6,Low
363,73,83.33697457024702,75.0230104367032,28.658995432420305,18,2,Moderate
296,81,37.35005235640153,0.6073132939131298,19.528949793908847,16,0,Low
326,29,88.40367539051815,45.81364665528967,39.707228320539215,5,6,Moderate
78,63,67.87912820731161,57.37495117802172,24.409827275270057,20,4,Low
442,39,28.145942242198455,59.60641369297744,28.622806338129976,7,3,High
202,62,55.76764295197626,72.39815054253451,27.862522238949346,14,1,Low
60,72,52.972750533943,0.3521287203029022,38.175058970541194,21,4,Low
58,20,17.410893955730057,0.02641274075811495,29.434330793879262,19,5,Low
416,40,58.21186151755527,37.78107686361722,38.66875005031038,9,6,High
211,58,33.33070613452622,2.343496400429652,17.205248304080257,14,4,Low
286,28,9.711389012864219,77.96260429298997,20.747819037089855,11,2,Low
166,21,90.37905419359083,17.765213963311357,31.54602748939082,10,2,Low
414,24,62.7341332157859,37.81317834918758,43.412649742580854,17,3,High
352,40,83.92270386837623,4.891010400977889,17.24273540165341,23,5,Moderate
146,52,65.84504045119277,41.763873293700684,16.29252648470593,4,6,Low
65,46,37.12853229261017,30.39649001179268,19.69652024783567,11,3,Low
64,88,51.14192650959303,3.5728023101779005,34.2345938658047,23,3,Low
20,38,65.81720843124594,26.809941335697978,26.969787500107415,4,0,Low
187,35,91.42270926812938,31.314881617828448,39.766571382530586,21,6,Low
127,11,27.830251320952684,79.1937193019952,17.157994544440974,9,1,Low
38,24,83.7479352761706,16.630869753550037,20.89242260444103,13,1,Low
351,13,88.16700247648424,43.58236922960798,24.00079216394687,15,6,Moderate
91,59,65.3373963193061,78.9852439358903,33.80190260066356,4,5,Low
475,47,88.8139964661204,63.36153663521081,35.55518070904642,10,3,High
464,32,40.80907287296316,79.46940007056712,18.726098818913215,18,2,High
128,68,90.77145584363984,77.46386517281354,43.314141269752184,7,1,Low
287,84,68.25045894493775,39.16316336753234,25.231324055706274,18,6,Moderate
464,37,8.78051906769307,55.71006798964526,36.39506289000849,19,6,High
259,75,86.61855486371475,8.835450155292088,30.726231568430965,21,4,Moderate
436,17,48.602552812987334,35.291906003744145,21.6827434064132,17,0,High
320,38,46.429428630004956,64.7214833813358,40.38684969346233,22,2,Moderate
109,20,55.981994538167086,40.42682567817147,39.547140845757895,20,0,Low
122,27,18.444609209410515,56.21592262537855,26.8821556175007,11,4,Low
495,64,47.224944371065874,59.66010639874216,32.65822757081566,12,1,High
269,59,79.80144950459712,20.27753129943151,22.734770878078194,20,0,Moderate
472,23,6.39342132237638,70.05594983540524,35.695548862389046,20,5,High
27,83,29.562544429193416,36.78579447273432,24.270804378612944,17,0,Low
172,18,5.22091277994598,16.8148082897235,40.32236203146705,14,0,Low
366,20,42.41401782348635,69.2332705430755,21.52155312831823,14,6,Moderate
193,72,70.54839594443612,33.425504488500295,15.444102684553924,11,4,Low
362,85,76.88946462031657,60.02499507037758,23.05524125903755,8,6,Moderate
177,76,90.06707850143059,43.842645777727434,20.7315745937846,18,2,Low
450,62,59.76541516737078,30.549740178760032,30.24859319174773,11,6,High
234,48,27.916417998760593,64.79011320308555,21.11109874969729,22,2,Low
196,87,88.1733154223029,46.75759453156904,37.89569612158484,4,4,Low
194,65,74.77841784923385,31.24496819416254,22.24111914012012,20,6,Low
359,37,56.698563470283005,8.767829626810162,36.20904539737967,19,0,Moderate
357,84,67.60761941470423,71.63562510133663,32.35412769041172,9,0,Moderate
165,48,88.18847195066863,2.8375668273333243,44.58749569415653,21,3,Low
469,34,69.11546256256295,69.0549878694445,44.99702931027695,6,5,High
343,30,38.15370568262606,28.796921990652436,41.085782499519894,22,1,Moderate
497,19,69.1725382060187,51.14710108011246,37.799501078962535,10,1,Severe
180,52,8.625034646184908,73.77597790685482,26.593692420017213,7,2,Low
146,24,39.77740056475231,12.136529240311873,37.5983018139391,20,4,Low
439,57,41.56907286610213,45.35603805110482,43.700266112384725,6,0,Moderate
101,30,20.01544109787512,61.15462898961536,15.701327261863325,15,6,Low
166,69,7.0776932496593155,60.606706617524594,31.137441005932164,15,5,Low
258,59,17.004311297396853,42.05055316796032,21.53994913165304,13,1,Low
431,32,63.915934621734955,49.97915679251665,31.736289476065515,14,4,High
443,22,77.20599347273188,60.60215953062756,28.993412692766732,19,4,High
103,78,93.93831434542767,67.28221102059294,32.27305744656853,8,0,Low
132,13,36.17271527976449,60.9450477500691,31.528866642561727,15,5,Low
244,87,58.944130003499154,28.320395454499412,43.80321117505686,15,4,Low
351,81,89.34304701336097,79.73811208461865,31.565583268042083,4,1,Moderate
397,18,20.033760320433736,34.76021549754435,40.38696264374602,2,3,Moderate
262,44,69.58810277084685,1.9571762207146737,24.594608604025396,20,1,Moderate
162,30,72.94808598342469,29.009356126836963,28.14302066373147,12,5,Low
60,67,13.007798228240453,10.22263636590746,29.112404281344297,7,3,Low
442,27,82.51244466647586,9.71540925827,23.361841300061393,16,6,High
277,81,78.17945423997595,22.522803208551547,26.393707844338657,4,6,Low
466,52,8.0062705919691,4.270039534180867,32.95539238400326,5,4,Moderate
304,15,13.197597339204632,55.08097507276504,32.405632899135966,1,1,Moderate
124,87,9.421420450266709,5.9191107361524065,34.09306033720441,21,0,Low
221,76,35.1269178619426,16.263164434876494,25.55453746260423,13,5,Low
469,21,50.83600916119335,7.43197715952955,24.474944854591712,3,4,High
326,21,52.91129551591659,5.053418472242486,33.348536482624894,2,0,Moderate
350,75,29.090008379249838,21.420133243163335,18.98585245282575,8,3,Moderate
480,11,87.04371979042467,45.7519174128296,22.5909463059642,17,6,High
285,24,38.14365108847219,77.17484451574734,16.263832108589856,11,2,Moderate
417,32,9.099514036881725,70.0445323479685,17.178325577882404,8,2,Moderate
229,38,32.02044003872477,70.07471403562599,22.301498377818266,17,3,Moderate
70,16,52.799848028974,14.085362883012609,15.58587840890757,12,2,Low
137,37,41.73996403294088,21.192575479825607,22.362317762623846,13,5,Low
220,23,29.645826718933325,6.111465343624456,34.64928969186078,9,4,Moderate
396,53,16.81909247878857,62.277467193214804,16.833212354067992,2,4,Moderate
58,39,78.72480500866068,5.585304118844956,28.102100333839232,6,5,Low
47,41,94.65307179117727,44.535653665668264,42.39326360758648,17,1,Low
278,79,34.65879201714938,19.83004578591606,38.73854486776203,15,4,Moderate
103,15,39.345893975894356,19.47565072229958,24.163125068845716,16,6,Low
473,36,60.62337722092614,79.25800441980842,42.744164375749406,5,2,High
174,33,69.65973272619871,60.54238455828299,24.889394902431746,11,6,Low
136,43,40.28265813232321,66.955148663284,17.175464890126875,18,5,Low
21,49,86.44365652836338,45.758614827521015,44.8216787030434,2,0,Low
112,56,55.40035903060265,69.68114299149994,41.10067581567515,2,1,Low
185,88,45.53510687653379,51.639243133308234,28.97798349903277,17,0,Low
406,84,63.20054778439146,75.69389638370762,34.99129572577212,10,6,Moderate
419,33,90.75234634242558,22.507086883650942,35.13684233570011,5,2,High
369,74,76.50970649795349,47.625563662631606,20.83446692191381,18,6,Moderate
315,27,8.60118174816119,55.21050783495137,21.001458994608967,4,0,Moderate
277,53,34.90789196659637,31.434984402224533,29.087421100554774,12,2,Moderate
100,85,47.349021645610044,70.37663859232426,42.34719420413094,4,4,Low
444,66,33.30658149881947,78.38425304833235,15.299813245757123,2,1,Moderate
287,37,68.01688047474109,39.501559309812926,38.475169078480775,18,3,Moderate
438,80,79.36422348763229,31.251252384347126,16.725803511439626,16,2,Moderate
254,32,70.82105856667444,37.7550342845167,29.346663446493537,21,5,Moderate
340,43,94.03999581454477,68.21893965855453,34.13618499220429,2,5,Moderate
330,20,29.529288310372618,51.63747404145341,35.60277801247395,14,4,Moderate
320,44,83.74905455219793,3.5817898014476057,16.75437790847734,16,5,Moderate
482,51,73.99603986570375,43.373592835657185,27.558108521519046,12,0,High
493,37,37.59608818023315,1.3840098192775852,32.51511781506974,13,4,High
376,87,71.07120892912718,62.282829680272435,16.98136611918021,15,5,Moderate
232,33,14.366836077642226,26.2649818833971,19.05283669785929,10,0,Low
81,17,76.0400134106497,37.760598569386346,34.90946968512115,16,0,Low
68,62,52.909754232839234,63.894248472610556,30.64914589771955,4,0,Low
146,81,31.306115543832785,3.7159053828609245,19.854859838048718,20,5,Low
242,13,64.01995716057621,12.683322847328835,31.057180107442004,14,0,Moderate
428,14,62.74579988429681,31.83683011560919,42.38077120333247,17,6,High
298,58,23.853760044763973,18.394013083644847,15.467627543260917,15,1,Low
427,39,7.735767333037352,27.03211406200505,34.279013204575634,13,5,Moderate
313,81,44.02603282115065,79.8539790313972,17.209513038160257,13,0,Moderate
303,72,56.25606824099791,66.03315500590486,15.193483288941025,12,1,Moderate
296,56,83.89447505335386,70.71214519680868,19.519634659819012,0,6,Moderate
457,35,88.53951160828349,74.96437068526203,27.68719895561758,5,3,High
126,66,52.59246963410897,27.274870425135653,39.07031996945859,22,1,Low
165,46,72.84231353916904,23.766156623717816,23.45356489813676,10,5,Low
439,16,44.537294509519725,18.724999405765992,33.77019637166276,10,5,High
118,49,72.14739409156037,66.40935290464981,27.3346991386592,15,0,Low
448,48,23.432137244525023,54.3641489828148,22.029953758980238,23,6,Moderate
394,71,38.39582613231783,18.893758598630185,30.427413428485757,2,6,Moderate
92,87,62.08051989322533,30.15950633683639,38.923934711178696,16,6,Low
456,62,6.6342169046370945,40.53694111462386,39.974771101684325,21,5,Moderate
141,13,70.02151793050587,42.251204581900296,40.395585956317106,13,3,Low
49,34,80.198195114135,71.09821828413718,25.156734376649382,1,6,Low
207,16,40.92274949845563,30.445290635777305,38.80368194147259,8,4,Low
383,37,45.31481754594479,72.68192244004099,21.365353653267235,7,1,High
373,78,81.61539909948779,35.30940482558317,37.1527530372865,10,4,High
307,76,74.80891717934301,59.7098139833883,43.4515327881785,6,3,Moderate
470,29,30.93345401300375,74.42034559880449,15.412315040728716,21,1,High
214,20,34.157849590538504,72.6060563170613,28.21091793536394,1,0,Low
175,76,66.0990409151537,4.556229383654493,34.433129652420135,3,1,Low
191,16,55.68782832033451,16.456343598125585,36.05327311462659,22,0,Low
354,32,19.600661398684725,38.15243404258201,20.282632748076068,13,2,Moderate
60,70,32.893691830624974,34.52434319624858,44.165498257157786,12,1,Low
82,80,85.99849491907887,51.27133318697656,33.45796103912919,21,1,Low
42,43,66.93569930500371,75.57672406603298,19.930218036848032,12,4,Low
379,28,93.73768859169675,8.992376902235906,15.615675351375458,12,4,High
94,67,74.03112769826924,36.14869321073924,38.49792596369328,4,3,Low
67,18,89.77769889292313,15.392883030971145,17.391142183363772,11,0,Low
179,57,24.456971648342787,71.5286078718358,19.231527632107095,5,5,Low
332,50,74.43363873352331,77.16641486413222,32.24490080567072,21,4,Moderate
137,57,6.819576813301769,38.29613455122801,33.10516510348859,13,6,Low
119,54,65.36840195403806,8.32082381825126,35.60661355777195,7,3,Low
399,34,47.235405030821724,62.823573337813855,26.80542037990862,23,0,Moderate
436,87,36.208406472806175,55.77130803939192,38.216960069004685,21,0,High
427,34,82.61639170637802,28.373666128824837,44.23075798847666,7,0,High
186,28,81.88409233917776,70.99259791751707,23.13284829239649,6,2,Low
309,48,7.007153440877922,78.06655118261658,36.09085849613838,16,0,Low
459,88,59.85546102044879,44.62830793041563,42.854059571854705,20,3,High
175,89,38.10490018888608,45.25823290754339,35.58860287851128,10,0,Low
440,36,42.40949013504042,23.801080409102227,35.433284959327786,9,5,High
26,83,79.88366652968983,46.76048287866514,21.7131770725562,12,5,Low
215,72,32.885579437491046,35.171385641987726,31.05390600959079,9,0,Low
440,77,89.87439295738581,24.17528215424415,31.875685308137406,20,3,High
75,28,21.16704437349267,5.374815721912105,36.00388687367858,13,1,Low
340,37,64.645018103136,20.21662877672999,44.90464349688548,8,0,Moderate
212,87,65.48945603123883,15.828371974213153,16.00931467631286,6,3,Low
66,42,27.69756452851264,43.36335876431591,16.956979838024605,6,4,Low
167,19,34.22755480704818,48.13360174108751,17.338502082927562,17,3,Low
294,39,80.13186433219464,48.68573794448132,37.289374034668704,15,2,Moderate
176,31,73.56247294594571,31.054480083654326,19.090613853322726,7,4,Moderate
221,12,34.61862922832836,33.698378694839676,33.67355623471036,15,5,Low
463,84,53.05608922414405,66.7390743712512,24.740066336803753,18,5,High
421,57,10.551226662778591,38.098625081372994,28.71959868632133,14,1,Moderate
495,11,23.78712941587663,79.02186657096979,21.469894794522418,14,1,High
438,85,48.723850297435916,35.16937840070919,40.98319683913626,5,3,Moderate
446,63,12.737636175129044,51.96647556942712,32.58450972489079,8,3,High
498,15,80.89991194027438,4.029039919471664,43.33689790746757,14,0,High
494,49,69.62055890968831,52.267193953504865,32.23788749112988,6,6,High
145,11,89.92703035836453,68.11411155320049,18.7172409179084,7,6,Low
414,82,67.41202153676244,75.3966270826637,20.126113015154264,17,0,High
324,11,89.6361235035967,79.78564893118164,44.67221929103542,20,5,Moderate
388,83,54.90613001218685,22.57429165193865,36.76695591992603,15,2,Moderate
313,64,59.01967499557725,46.029605186057346,16.47836250087269,14,6,Low
83,81,92.92739491636348,36.05743884257179,36.11343015103994,2,0,Low
344,69,62.79162321778343,45.10539844601368,27.36519140428835,0,5,Moderate
411,15,7.770791197467194,12.596236575187731,24.216251604695714,12,3,Moderate
437,28,70.14224989674709,68.49196580767531,19.62182381191603,21,6,High
195,36,86.4921822923674,72.76551546756701,40.19711863669697,11,3,Low
135,10,76.60222248148939,35.972933049033806,16.91524136967302,8,0,Low
459,42,57.54499453628804,22.434388925886147,23.69506387138921,1,6,High
223,49,65.41731617841647,11.266674212240986,24.19148681477113,8,2,Moderate
340,41,94.11726103265046,54.70118598222435,19.82715851890501,7,5,Moderate
50,78,13.15958796584045,24.978547169658817,30.24554649860611,4,3,Low
407,26,65.05203457699156,72.7630855930711,15.351078804326779,12,5,Moderate
132,17,30.505792511353444,53.680997987589606,24.029265462312274,1,2,Low
384,66,62.608135692755305,51.65482601393926,43.00888332099192,9,3,High
453,51,59.68612182955449,44.752169271859266,24.315887080260172,5,5,Moderate
344,18,18.811114889734586,3.662107154298049,25.81378161320255,6,2,Moderate
433,44,23.607198116621525,74.55379485484696,29.19495144702215,2,2,Moderate
395,80,60.94666202388922,50.234999463956804,31.850801245544243,13,2,Moderate
363,88,16.54069525733967,79.52495867064883,39.26125934462232,15,0,Moderate
462,62,28.866278761729056,42.988512381830965,20.70963669468053,5,1,Moderate
86,63,80.17209929642021,56.80887135249705,41.15239131577671,21,5,Low
94,34,34.438235540147474,4.496764629297774,37.72648071431668,7,2,Low
64,76,48.92541406426966,50.538894145872874,36.67951003984666,0,5,Low
279,71,89.70263016312562,61.17196892722858,17.604137211439056,19,2,Moderate
173,64,25.443417995325166,62.281143588204586,15.64922069923754,14,5,Low
174,55,40.066341562220934,61.60893217842283,32.82038102724252,16,3,Low
449,33,59.58119979891911,18.10261018349341,40.89401887569484,23,5,High
382,55,72.9805036553575,78.03187820841808,32.53324392421908,17,6,High
467,31,86.14880480414347,79.6145696499951,21.397045963365926,23,1,High
494,20,87.39256888161636,6.047670012928101,17.715596938476395,2,3,High
253,57,74.89760669353606,74.91571382494058,35.987893584532046,23,3,Low
70,17,25.54977529339794,23.155935544349546,36.65310831953428,5,2,Low
325,48,7.232839703830923,55.142726540077184,20.17595102061326,16,4,Low
281,44,39.539653732006144,27.04887365889057,15.845709464896089,22,6,Low
334,58,17.7393965889041,77.42034586984973,27.24850539669591,12,1,Moderate
144,55,68.93488826944683,8.120308664282838,32.48156106399067,22,3,Low
418,47,64.50175281431451,39.81974535651008,36.18007228701573,21,4,High
264,17,8.957447745930935,34.243823355365976,39.29835027458708,16,4,Low
49,63,80.29344012178561,26.081876182238794,33.316122819201965,20,3,Low
445,46,27.386893966206404,51.64271927041189,18.32641825795455,15,2,Moderate
141,49,43.9004367941938,10.484459473733398,35.47745016427244,16,0,Low
144,43,65.11403619101682,57.33299345069575,44.52529928684646,0,3,Low
56,88,43.6476908167028,78.44736990438298,42.167537537922115,15,2,Low
189,26,44.715902251994905,64.36469715749041,41.15006727808538,5,1,Low
143,42,10.906519580216633,68.80134023276364,24.065104600750225,7,2,Low
376,56,41.129919433400346,28.7709394543202,37.52364529362002,0,4,Moderate
54,61,73.83631038979851,25.990928518497498,40.533103378954365,1,6,Low
106,89,87.3658703467938,41.36386837521066,35.349786138937894,14,6,Low
153,18,42.21474233570346,3.658129180981815,22.516852697039415,4,1,Low
215,42,43.1227244191171,75.6286507565226,43.61501915624875,23,6,Low
293,69,68.23643956912869,11.502813841295376,28.524582343760276,19,1,Moderate
220,86,89.84948009947489,72.24104313344739,18.894166759976383,14,0,Low
388,30,29.03548462154242,6.686577760028456,18.29333685172176,20,0,High
304,67,44.612978588414315,65.80999421428481,34.42556961897137,9,3,Moderate
96,78,76.6375919197071,12.15700207025721,28.131289392502175,4,6,Low
78,19,59.87242124366347,3.050529127317816,17.834516255368907,2,2,Low
450,15,14.952770956755925,57.559156020752695,37.21093716468284,5,3,High
145,22,61.49594620060392,22.421224013954266,38.97975501775859,20,0,Low
420,74,21.80716561375942,57.159692222747964,36.762468923593545,14,4,Moderate
128,29,50.91943406705637,44.40682003782558,21.067826330520386,17,0,Low
243,66,52.619294089439464,8.704591218405247,35.69326367988208,13,2,Low
297,55,83.85830260024863,74.57040586409309,15.321684086831553,9,4,Moderate
87,17,46.62448466111943,36.18513398107821,24.153364190352278,3,6,Low
88,19,30.14981800123048,58.75578222389504,26.964645942226312,10,3,Low
184,82,25.786971339442843,40.08164576125001,40.05740846656505,19,3,Low
324,76,83.68266890159025,48.348917996896375,26.71183119208213,6,0,Moderate
416,20,20.390976897640556,24.221887388535393,15.338083385681948,14,0,Moderate
181,21,43.328170479482935,16.028824320276023,25.57039235484028,22,6,Low
384,19,21.84558034342523,43.405616272645425,29.967722950778615,8,5,High
361,34,74.59736361029378,35.21751783768016,43.470143600183206,14,3,Moderate
328,58,47.69353759771571,31.20905707471465,43.23102911368635,11,6,Moderate
398,58,36.602932150113084,53.80537560756984,20.426221146642348,17,3,Moderate
362,20,37.498967656382014,55.240530560890875,20.554396252183547,5,1,Moderate
454,71,81.69927860506814,3.673604487301043,19.901443693936514,17,2,High
406,45,54.83965588649943,27.09955953949377,38.6676579724231,17,1,High
61,48,69.60810660181373,32.941164018110186,15.180661211052191,21,1,Low
373,62,85.73346646256161,7.751372893133448,18.81531594575632,23,3,Moderate
435,87,86.15675084365779,18.872069335863067,31.13878894932297,5,5,Moderate
128,65,34.56581489040768,4.131343777820531,22.426862006602967,14,6,Low
70,10,90.72061368317468,79.69936788936165,17.770693747177862,18,6,Low
269,65,7.23882938131449,58.92457623758756,25.79634037001503,4,2,Low
360,13,38.91520049145491,6.996012520220294,23.22622815180734,3,3,Moderate
449,39,85.62189717579574,1.6199503832073692,30.333129195428533,16,1,High
402,21,29.717319183528463,57.543024012182414,44.37700781490587,20,1,High
40,44,29.57733052891865,35.135373254613356,18.729139104447555,9,6,Low
319,86,32.23600565736999,62.943736725166076,26.18180114502283,11,6,Moderate
158,61,60.108204636223,73.8780830254707,42.95955053617424,4,3,Low
378,40,44.449949805291844,47.9440311213098,41.306191304814675,6,0,Moderate
343,77,70.40613527180084,14.968673833380244,26.82813104352842,11,0,Moderate
404,61,85.54195783081992,62.575522883716204,35.96859793559209,22,3,Moderate
111,89,65.67794374485746,76.46493945394995,17.635710407440367,1,4,Low
466,16,23.402004817781794,46.418502964796474,36.376231666308456,19,4,High
299,31,88.94137121244519,54.55979578245868,44.18573188454224,16,0,Moderate
144,84,28.804358601273066,26.997975602933842,31.12464458502575,12,2,Low
416,65,18.49048657953423,30.522215572824898,29.954706811032427,4,5,Moderate
130,67,13.09705509748648,58.772359828245115,20.61955859105731,4,1,Low
373,73,55.704536659954904,74.22168787254553,34.01364596721876,19,6,Moderate
158,21,15.238621623258663,50.31907097794818,32.71311842336745,11,2,Low
454,16,17.48982957013677,63.187832678827796,34.55799178427252,11,6,Moderate
292,64,32.0027432535947,13.730801393229841,15.782498600541654,6,0,Low
118,71,30.348770871601744,16.956727220637884,31.461704650472207,5,3,Low
271,82,59.381555929892805,42.562774946671205,32.848045304921186,9,4,Moderate
357,86,78.50707515254133,14.124335379427242,21.225904062384068,18,0,Moderate
123,64,73.52146905826032,50.79960561767389,21.24998572465608,15,2,Low
233,45,28.623600924482908,23.332254831575916,23.286545055328496,1,2,Low
268,33,27.077944818738192,63.32260949335136,36.351647751817126,3,5,Low
171,53,91.92123770962708,64.64882772914747,33.18798190597115,8,6,Low
269,26,5.741261743276411,37.102996460428244,40.37287938353414,4,0,Low
294,11,84.17484797541942,14.464850803010822,23.869757155292945,0,1,Moderate
184,22,22.97556672101645,51.7419968865546,42.36204179664955,10,2,Low
360,40,90.25558907807911,79.42296146108691,37.311184859500756,18,1,Moderate
27,37,35.807655634476774,49.80727183540186,26.850350100410907,22,1,Low
303,69,44.631659650392706,2.861975257120628,17.85786196876368,2,6,Moderate
24,36,68.64085525499428,1.3835180613666065,22.709509874624473,0,3,Low
164,24,57.89021463259343,25.628957639384495,43.70304651644551,3,0,Low
120,88,33.614539673614054,15.662704548832389,24.31090127652238,8,0,Low
183,42,54.84478242810412,65.04409657146465,24.897028804471933,15,1,Low
393,29,70.76361959265977,67.58445336288004,20.68766793293151,6,3,Moderate
166,51,8.810145131224289,20.689501704838094,39.205518034162964,4,2,Low
83,21,6.007937473013371,26.051582155991415,23.269326907268322,12,2,Low
110,82,46.226024516560216,18.899757417209173,24.907747451065667,10,0,Low
136,32,16.865295602316277,72.67060378970112,27.4304432529488,13,6,Low
373,81,64.79098623182429,40.21194676978258,28.01184839323829,21,6,Moderate
286,23,24.26472106046908,52.49096352656159,27.34022371245065,16,1,Low
329,34,43.956599611610386,33.238566935968265,30.11231086124186,22,3,Moderate
192,86,22.790384318684207,50.48113548036249,39.4353863884921,11,3,Low
66,40,54.363522717421205,30.868430137738887,39.57855122226066,20,2,Low
159,63,15.444811344611201,27.174275018338037,38.949394012900406,22,2,Low
265,14,7.079616750873223,50.758405853878415,18.033745173494626,20,6,Moderate
168,22,9.601847429602746,47.28496624391914,38.99036409824443,20,4,Low
265,37,90.8832597363779,23.48223633343597,18.607553204597302,18,4,Moderate
414,52,17.805759674984223,11.947876025557873,18.74171310156774,4,1,Moderate
495,56,68.76304278231517,29.48613550705101,43.43588314904882,23,4,High
24,80,11.113358380054361,33.21581113135274,39.58193534116624,7,3,Low
484,47,14.734431701166395,50.29474667396839,31.57231400604026,1,4,High
203,76,50.79886262684012,73.1623010909491,41.24910613433586,16,0,Low
39,71,46.83838371389093,2.894783802634011,44.68093927655589,1,0,Low
444,48,90.64222784958827,19.49288100334759,33.31926199895332,22,5,High
65,46,90.03519077186637,15.497275382364828,33.38695310944554,2,2,Low
31,17,75.16477782882185,40.18355269550269,37.63281087479784,23,2,Low
89,61,59.18916471146148,34.376064563452786,21.964168570959984,19,6,Low
36,42,45.946428565370994,58.32300990561507,20.01374584556398,23,1,Low
390,51,37.0560680895579,19.39327300358911,37.78742250045218,17,0,Moderate
166,85,90.2378792278,47.55986925998069,25.34714384982307,14,5,Low
173,36,59.2617930282217,70.70858108799675,19.052110689178022,4,1,Low
323,17,57.116527491739504,72.85421919346437,24.446331777532492,21,1,Moderate
127,32,25.871100959202337,76.70276837800249,25.759106036237263,16,6,Low
255,73,9.202803609660176,61.86089216639908,43.95682978517072,13,4,Low
327,29,90.066972178359,72.4790325007132,35.93879133263769,0,2,Moderate
371,25,33.23617329601885,18.762469758821936,30.92568952199202,13,1,Moderate
89,26,44.833012099201284,15.806475548038161,44.06619416047815,8,1,Low
202,89,15.317594922713615,0.5190467024421164,42.094192214225416,4,2,Low
269,28,80.32318969183628,56.547548594327864,30.360025698424792,3,6,Moderate
247,17,7.486864957033756,74.99737502509956,42.17038906130942,0,2,Low
121,47,80.05916858891868,14.954827603334113,27.129139741879698,2,0,Low
94,47,17.62565115091701,50.95548603415031,21.91261996069874,19,2,Low
436,62,84.79077013680369,59.716780737742205,21.980345304662556,10,4,High
465,40,70.67953736025416,74.20913881184453,34.8694657332638,15,0,High
235,53,19.82032362565746,51.748817921377736,30.03210962121831,10,6,Moderate
426,69,55.92361935735213,77.62349861990019,34.768525410163406,20,5,High
418,85,33.13906829196975,27.57385128100382,35.5822789278651,9,1,High
430,26,21.04097890204251,27.994282701712613,15.669686186931528,11,4,Moderate
222,88,82.32639794699976,43.441000801147645,16.62118777043707,4,4,Low
211,82,41.31704898565064,30.68015048927257,30.9803317977375,9,0,Low
268,48,40.868934292884425,0.1140582630026099,20.731064332802305,23,1,Moderate
261,51,20.2898007325958,58.54176200695899,33.97601306413319,12,0,Low
484,57,39.47591084772008,60.13736331827867,31.565572175119442,18,3,High
198,21,83.44551616959652,59.75796837494164,32.57281075112674,6,3,Low
456,27,37.681583944067235,27.60165332883733,24.07366139493032,15,0,High
481,88,90.64432062498092,41.78315786489375,34.1953051883369,5,1,High
238,15,90.16780092875487,28.797881454133556,39.884779094550694,9,6,Moderate
101,52,18.040879337661142,1.2829120024516616,44.942137607767116,9,1,Low
111,44,20.95801281703804,44.9959153017135,40.15333158516643,10,2,Low
454,63,82.64066632987003,9.900853286720883,31.724962790398422,21,6,High
194,71,40.348482703224725,6.403305927315248,20.802887750398696,9,4,Low
258,78,5.39365840547084,60.439925495742976,35.44337628359463,13,0,Low
279,25,29.64846377348339,0.76049619344845,43.129613566739344,14,6,Low
410,17,58.78660938760039,76.72067548869809,21.355996191969073,6,4,Moderate
384,40,76.93393693639712,41.22042912900615,22.67986861579731,12,6,Moderate
182,19,17.00497553839336,78.64131445649187,19.470256302349533,10,4,Low
67,65,14.94872279750618,4.639805797816674,37.10164930879205,6,3,Low
348,85,87.98833882150984,46.68236390927306,27.19684510270978,10,3,Moderate
347,79,72.60335310403244,27.946162878072897,16.880869166591523,13,5,Moderate
135,29,58.08016407002706,67.47859942514286,41.248499744708404,16,6,Low
448,14,74.22681109963352,28.897818818742902,31.730157141077,15,6,High
356,32,43.59689251759746,20.839006324587928,24.932828760010672,0,0,Moderate
356,18,73.2610172578214,68.60425016799306,25.319489281832908,8,5,Moderate
388,67,38.462269214708215,29.972247332260878,23.707536605727203,8,0,Moderate
244,68,26.96851152433421,1.3466655888449175,28.664405171779254,9,1,Low
371,89,70.61120791636718,31.223128067146703,25.11125065464435,18,0,Moderate
347,63,42.770506294154146,52.361781520875354,31.43838912211828,14,6,Moderate
166,55,93.32393938935753,20.348763104510546,38.20551756813883,15,1,Low
82,31,36.45366640772909,34.55900739401258,35.23383850333121,10,1,Low
313,73,87.95546784779593,4.5372110625780415,23.833706782623516,23,0,Moderate
342,17,88.96662937103716,47.047423321116575,30.86223034619338,16,1,Moderate
462,29,26.76676523582715,60.503593908831505,40.203784797367526,18,4,High
344,60,76.8399063429212,33.065004912088824,17.046187042281765,12,1,Moderate
32,87,43.97670546301086,33.618610624116805,17.348918009607143,5,4,Low
450,48,87.57722545073132,7.062599886793315,31.685102041492602,14,4,High
208,46,45.511184537171495,16.155269160958603,34.17345385169409,15,4,Low
306,59,71.98733456036295,12.374024250233013,21.342390473277124,3,2,Moderate
227,43,47.02706682474181,38.535021492923036,37.356603800745546,7,5,Low
133,84,25.502068014157057,42.34044327606001,34.387901311221825,6,6,Low
499,42,22.941511605021766,75.9152105027408,42.69867804708859,16,2,High
41,40,43.2888074830711,5.858520342178712,20.068626055756102,15,6,Low
368,63,72.99451913127935,47.98943785240377,37.541227960740315,1,6,Moderate
233,53,59.456433666269014,42.119882186259304,17.50929271749801,16,1,Moderate
190,43,66.9766360910489,41.29864783486633,31.958772285536924,3,5,Low
342,80,30.40937156587482,69.85274299062611,31.556854184974373,13,6,Moderate
73,71,48.329181136184495,16.443077655638916,26.651551339402218,7,5,Low
413,32,8.99557384723943,3.2618619473097166,40.33713443005702,4,5,Moderate
317,55,78.57791743623086,53.781720610735405,15.131119343580368,4,0,Moderate
339,65,94.09029460158872,27.612597130878413,30.605382056955623,4,1,Moderate
145,16,41.61911563622038,1.4071932970019674,21.514606495055624,4,2,Low
296,70,5.9867287818389014,20.109920583233105,37.30495857349298,2,5,Low
483,12,20.28133755958526,24.74614193734495,16.292022789182916,5,6,High
223,47,63.7274189975377,49.34707014273936,39.94664064544733,0,5,Low
213,43,60.08713863834733,13.806863523941768,40.142766801208545,7,6,Low
188,53,75.90782476269895,33.04434783627184,39.98598037210509,12,3,Low
171,39,27.849560986496133,38.5980355534266,19.577055801980094,19,5,Low
54,26,73.72687239924207,36.73899130912727,33.91219555683135,5,5,Low
203,68,66.91856193713028,77.91526133334254,15.431020775501688,17,3,Moderate
305,19,34.053304794245896,3.6403390232236887,40.438877738676,17,1,Moderate
76,27,54.09393332512658,76.07745491619195,36.68925580525861,15,2,Low
241,54,18.254642764849404,46.55497711952266,30.93461192697758,7,4,Low
322,68,45.73080530920244,63.658217197587064,36.91774299289851,16,2,Moderate
182,71,84.30776056000768,34.431409441286036,17.82972289955317,7,1,Low
38,68,42.90722418428517,36.30703050055843,30.85967496530569,14,2,Low
389,58,80.56100358278798,70.34611992126588,23.738294754493364,9,3,High
283,72,58.1228028733725,71.67475970335217,44.17858389668919,0,5,Low
301,41,22.268904179212107,19.09511051450381,40.71353851871705,8,5,Moderate
132,19,57.299562022810676,15.939350286769454,36.99827087501931,16,4,Low
346,20,50.53849962413571,39.69881390959608,43.01242905749196,19,1,Moderate
49,79,40.87772016767456,72.02216217021532,25.40529913696421,0,5,Low
154,71,15.76673955644633,25.788407472494104,42.02639696964543,8,1,Low
86,56,42.503779746250686,52.1611692271305,24.757146963201308,13,0,Low
84,43,11.54861386156644,56.65213501924809,36.98390159073459,23,6,Low
311,26,13.889214625887613,62.293973191532466,37.09250735329347,4,4,Moderate
44,63,42.43248796394444,45.11395663367706,15.550496293622803,5,6,Low
56,85,32.48433337716173,32.19641426231757,25.831790948345855,4,1,Low
20,49,88.29898932760011,77.36127910391784,15.582980172254937,3,2,Low
418,28,38.81352248422435,48.906460264228215,44.91276052830746,15,2,Moderate
56,76,73.20723098648901,58.28521693066166,18.66590285487714,15,2,Low
160,62,52.72227737296185,27.598627655670267,31.28432686944328,9,2,Low
251,73,68.36771017781018,53.595934480246406,38.71668716287912,13,1,Low
155,56,28.410438471385927,20.62381297313007,21.037908067826773,12,3,Low
408,15,89.77144755544961,19.607753402290893,29.55158004286418,3,4,High
207,25,52.70796472229816,57.177776144754105,33.22286282763453,13,2,Low
147,81,79.81916641567247,41.711578901034805,19.80614263186636,23,1,Low
220,27,37.85411241285021,54.66212883379118,38.35666379734616,23,5,Low
146,61,14.019021414547208,21.555079259847332,23.980093715680958,8,5,Low
276,57,65.6340482948764,47.897867284538435,21.33069229016521,2,1,Moderate
183,52,5.698368350368204,35.514691976249004,31.74866239312251,9,2,Low
54,48,47.77636789089575,47.756822947642235,27.309408829288138,14,0,Low
213,58,22.35217123998133,23.27037857953755,42.60857833909253,23,1,Low
210,21,61.463795399182594,57.23607709192991,41.40188094594462,18,4,Moderate
123,19,93.14778858240669,64.47434929275724,29.500519901666497,1,4,Low
42,80,46.796261568858135,20.793317908617894,25.777913241767926,1,0,Low
284,64,78.57484308731,24.049644788451367,24.765539448937957,8,5,Moderate
309,10,50.70057682560089,52.89234157752744,23.02690869244522,3,5,Moderate
449,58,49.62560279936217,55.64681394428354,31.33643561137432,4,1,High
481,45,88.73811438609,56.327974751796006,39.149358142036306,1,0,High
403,30,85.09692818720133,54.61588038206695,24.322698246106732,6,1,Moderate
279,46,75.72204186691769,31.424617356203104,20.702822690642446,18,1,Moderate
433,33,31.66301779851057,31.58829395229427,29.264514185498605,5,0,Moderate
498,64,54.05075741515465,20.385409891550516,17.071032503929995,22,5,High
377,34,25.15075099751165,12.546695991709038,36.0383701838912,15,6,Moderate
94,16,44.95250282418858,55.40619035175246,30.55074798905801,13,3,Low
374,80,48.579175918381154,7.455102877785027,29.891244239185625,11,2,Moderate
91,80,79.84760361523978,75.02338294294253,24.013361386500677,5,2,Low
278,33,85.64255287924938,66.1349042937161,42.1402031259521,21,2,Moderate
417,20,42.315805615683004,68.60045919658049,17.71458875548658,12,0,Moderate
207,82,6.593400056591348,72.53350516921522,41.09472026661094,14,1,Low
480,21,82.55964558104192,32.688397657859205,26.30115607247768,23,6,High
192,44,20.68508106512246,67.73605786803208,41.41870547925067,13,6,Low
499,72,60.96937675013542,12.644904023331947,36.8628437499715,7,1,High
309,77,7.247381039071808,1.731343568658854,18.125121799861148,20,4,Moderate
64,66,40.955582773450786,62.79131157310801,39.946088595280614,19,6,Low
80,22,93.73642719038148,5.983731839755144,35.465305010985155,10,1,Low
102,32,14.062424099342278,79.08197338607373,15.969057387460454,20,5,Low
142,48,43.13238367996781,53.983714368124474,19.0110804632901,8,3,Low
377,89,32.643495517095694,60.27597681936844,34.06884167507086,11,2,Moderate
35,21,86.45793110494378,19.664308502229275,34.87801508640855,5,6,Low
85,43,83.24060971166196,53.90923151357505,37.39954298512785,18,5,Low
443,80,26.392888427560596,3.4575949803965766,36.60736202324946,2,5,Moderate
164,84,12.306900834538805,67.02605759388807,34.78559864009865,0,6,Low
394,40,61.44245546550057,13.569927442525795,37.98716705239268,14,6,Moderate
181,71,35.27318406953388,55.78864534670164,32.252571176771184,14,3,Low
253,22,65.48759515454567,17.95844009861827,22.82374156573365,4,2,Moderate
399,40,7.890778046103303,5.476253554083419,42.37129841192154,21,6,Moderate
163,11,17.005931165974047,38.519494283951545,15.546420927959337,23,0,Low
377,24,66.7735009495379,13.542896821823156,25.996851596144708,10,3,High
207,66,24.1133589772248,58.35551906612398,36.8661087929149,22,5,Low
341,84,82.18289081861614,19.00526747067879,27.81468123449023,0,6,Moderate
469,43,10.27317989391219,27.397804498866307,15.745032224400429,22,1,Moderate
493,77,24.393378450701714,45.395140101157835,16.979427093486397,9,2,High
32,84,94.87042236365617,22.797462206184925,34.459121074148655,19,4,Low
203,38,43.97684923281134,30.23904929679693,43.945937982158995,10,3,Moderate
130,75,68.26690971901792,65.24974168323094,31.55590907503497,6,5,Low
434,25,21.43967439713123,14.336787964882056,30.202734540713074,16,0,Moderate
309,48,59.888186148698395,6.576127158554694,24.549756391688017,11,5,Moderate
314,86,70.34954615324766,26.268622810641542,22.700720215981896,3,4,Moderate
470,46,33.30289722798595,33.950141361110255,15.629549452688542,11,6,Moderate
411,30,79.600740077829,43.41274257092542,23.188646029214134,23,6,High
234,53,59.307582062505496,29.79389569400056,28.473313225957572,2,0,Low
481,28,40.02107086535272,63.19293601782441,20.938493491468506,17,2,High
139,80,55.18781540088427,3.145559013477861,17.620439654442876,11,3,Low
401,17,56.908476269233184,34.541403055884636,36.53183601763808,23,0,Moderate
74,86,19.89817634244794,30.58047317251237,41.838608072042014,23,4,Low
46,75,41.245913288026955,51.80627926454872,43.10316209061257,18,5,Low
137,50,35.908752921754385,77.30210015179168,33.53996185490968,12,4,Low
240,84,41.081245032121345,40.83003253030897,16.583237477978454,15,1,Low
250,79,73.49995296367321,78.95014775533764,37.2258788988532,7,0,Moderate
72,70,48.428456672000536,24.179951593055797,18.30285915785659,5,3,Low
314,35,89.62845379153379,2.469450603396881,35.09244353063472,9,3,Moderate
340,80,31.430877202259257,13.25305339811302,38.38097507243627,9,5,Moderate
420,79,42.41332204564361,31.609990781965386,36.77594132479418,5,5,Moderate
252,38,75.82611294311373,25.306712735084176,43.556514172833914,7,6,Moderate
177,75,54.142213398867526,7.764330478670214,37.14438853402169,17,5,Low
456,28,54.2325331782003,34.61280861525735,35.79629333945425,16,1,High
288,77,9.800614670466516,27.049261732765018,22.85229516549307,9,4,Low
40,67,40.873969644661024,9.809537636595076,42.74306059307705,1,5,Low
422,79,29.366035917955923,23.689370448952715,20.386316123825008,11,6,Moderate
72,66,94.94016105480038,70.91488442843124,42.14689834419379,19,0,Low
294,46,32.751956356907925,24.163909239147216,24.379876300377312,9,5,Moderate
332,70,84.60468813144772,57.11643385936413,18.904907816330063,8,4,Moderate
300,39,65.86103615364297,48.96376637262045,39.80049081813512,15,0,Moderate
233,80,35.68247682728814,34.17449299266974,15.074863608024874,6,0,Low
50,82,53.918094053671126,19.122050944293534,39.96264953042492,8,0,Low
356,34,80.64822919542743,29.521175947675637,22.869355261379276,23,4,Moderate
202,74,84.50314682278207,47.368577077683426,41.541638182668635,5,5,Low
42,15,19.43544875055307,28.060257179948394,35.74437546724737,9,4,Low
51,27,35.561582708735266,17.191714685938546,34.985499985517706,6,4,Low
465,19,35.170086219221446,9.317019911330569,25.959586894945303,17,2,High
93,20,8.784031646835022,70.38135503276523,16.78208921672313,10,6,Low
29,74,58.84139838667069,35.22503806015245,39.90219294616732,0,4,Low
475,86,81.93380476929691,50.0166657394344,20.12711385529584,20,1,High
73,74,39.3416949042966,39.23282889094442,26.167759256842565,23,6,Low
71,61,71.60323504857593,69.80532146863708,33.01064056527245,18,2,Low
167,76,61.49303722406659,43.75478819585687,29.467612156818653,22,0,Low
179,87,38.80838619437007,38.46251343592907,20.95981905513954,4,5,Low
389,40,17.695381954306736,73.96807923373701,19.21849070646852,23,3,Moderate
33,26,68.83914674983706,57.575167683628365,18.69738816750872,5,5,Low
197,64,81.91086520471164,8.923992587748586,40.890236444976026,21,2,Low
431,45,66.72690431613427,14.216356895745124,15.946786471840008,6,6,Moderate
385,35,6.609063563133626,62.96982903515535,44.31042778799683,22,2,Moderate
72,62,24.460960495189212,66.86810569439635,20.955860711562423,3,6,Low
427,26,11.253198639517873,43.61526632722372,18.309668906372345,15,6,Moderate
354,34,56.334748961860406,44.35641822933114,32.309149643303854,9,0,High
41,11,73.08299109563711,50.554637028115565,17.3995787382209,14,4,Low
49,14,14.95212683617935,35.12926194261116,33.07359789490785,12,4,Low
210,13,80.45040385340467,54.41592987871232,40.51879934440839,7,2,Moderate
279,45,54.995808055593486,8.678500605313255,16.436940644022744,21,4,Moderate
224,15,67.09721109275523,76.9023393893909,38.99605813585632,12,2,Low
78,30,92.42616637477816,60.01238590359374,26.83432322946356,23,5,Low
490,86,12.531288942292758,50.49393632072055,19.7847190149363,6,3,Moderate
283,35,86.11016206800103,25.305764560758455,20.282894408023772,16,5,Low
485,64,16.349242638866837,12.876438996538333,42.562936310826785,3,3,High
31,48,40.3662925973014,32.74743710631557,18.318172558219935,6,0,Low
138,42,81.6294826698003,52.926139245924674,41.00348361346971,15,1,Low
434,23,86.56288130640814,50.69677947384888,31.32733862950844,1,1,High
481,65,50.57345061906308,30.61129240524572,16.17168536449317,20,5,High
309,30,58.46941744478826,49.06291150665038,28.93428437152015,21,4,Moderate
357,55,68.73326011387014,65.0998636454038,39.523485434289015,22,1,Moderate
267,25,79.94828016074428,2.102781787008565,36.786083629173014,13,3,Moderate
373,25,15.936005258389955,36.049683834422055,29.663472530541537,13,0,Moderate
146,38,77.90623774063049,60.68441827734328,40.80149639088651,7,3,Low
94,17,48.31485354604551,43.691557637070176,18.61094285340689,5,6,Low
380,12,45.55610825973521,52.1180870343256,42.298231601771064,21,2,High
223,28,43.15097767972984,41.33411140842736,40.393236254500465,6,4,Low
68,75,50.829042672143835,79.34996357458488,36.24830476971708,6,4,Low
98,88,90.05454980551431,4.369722919123058,39.53663226386248,1,1,Low
460,83,54.33833955129364,39.28358574179018,31.31446520527998,3,2,Moderate
498,31,90.78597844368252,7.313323929161415,35.25487287293001,12,1,High
260,55,21.226111755407654,12.782844969085634,31.817942121233365,9,6,Low
368,22,70.17223809493699,30.64306803346095,25.66285591523848,8,1,High
173,42,78.10155847478725,12.443207320038985,32.06582392083533,14,1,Low
293,14,66.12159482013757,77.09497327653209,22.723959975957772,11,2,Moderate
115,86,59.623005220388634,75.74318213801273,28.208375125223558,9,1,Low
233,36,55.833150297756404,26.888771697648302,23.423262217807295,18,6,Moderate
313,87,82.48374343208263,51.17981696301436,18.68663368384167,20,4,Moderate
228,33,78.94819374480501,42.70026564750289,24.655855691697184,4,1,Moderate
362,76,16.005984906253957,65.24695844126148,40.55961654554312,6,2,Moderate
107,72,81.37288913277904,50.195648785355374,26.432423119269174,19,2,Low
325,57,42.26617574963982,0.02019635924496832,37.44010946906607,10,3,Moderate
283,72,27.83271469962297,61.05395084877911,20.255935627144837,15,1,Low
444,87,83.27917112125333,59.74784970368945,27.73257477502925,12,2,High
409,21,43.882231967036745,40.77781644531848,18.445682080055295,3,5,Moderate
344,37,77.7528221159135,72.2335178586443,19.15863190102469,15,1,Moderate
447,53,28.706325076026005,72.67569645523213,33.52309139670207,12,0,Moderate
396,52,5.353638927999603,41.91293413635178,33.22445452347033,0,4,Moderate
339,26,49.591327361264995,48.63905849572301,21.401157220645867,21,4,High
176,49,14.020543097859584,79.72176575397378,29.23269582866396,3,5,Low
175,58,72.89383599724187,23.9056187849134,40.89918500933844,14,1,Low
158,66,29.846762246246932,25.96937938491819,20.226045260294487,20,6,Low
140,73,44.92810819431308,14.621912213079709,15.576315992205444,15,4,Low
84,84,12.833020858239882,71.66935513262943,34.559854219907166,3,4,Low
126,66,30.799332360252738,59.5590711959413,16.60494624266055,16,6,Low
166,83,75.33412189327147,8.451427909619351,44.398207157173374,10,0,Low
156,83,18.64291207120875,78.54138809583725,33.28860851396643,4,4,Low
430,79,63.244360501426165,58.476936652889286,29.11189058531917,12,4,Moderate
181,85,87.5683267524051,68.04176876839796,27.899776200729203,11,2,Low
447,52,66.18530837819483,3.852063133856074,32.192119755507946,22,4,Moderate
471,32,77.99195203630042,40.396873515373414,17.718733101606446,2,1,High
119,36,14.807446637352422,55.88786293816314,42.90057176458487,3,4,Low
357,67,27.565864340184902,43.435726765747305,33.76926205655633,9,1,Moderate
418,46,85.5084967016532,53.3317972559422,20.519354928327264,8,4,High
326,15,69.35950522562803,65.4299250872378,31.877431612939883,9,1,Moderate
160,74,62.55984437395801,29.946965036815698,18.997695174990348,12,4,Low
102,15,64.739006250953,67.89349404949678,15.526581526749364,0,5,Low
196,59,42.27804988741791,13.033288381223258,33.91550955641994,11,1,Low
217,31,9.01009684558879,21.67088440210998,34.454500256103834,10,4,Low
131,34,75.5997387863656,3.467649594186062,32.510897484102465,20,6,Low
75,88,66.08419125938184,29.15414490682009,20.504496130800693,7,0,Low
479,81,47.552401770145224,30.392763585929625,33.10289575484301,22,2,Moderate
198,60,85.97836538314317,64.42164777658007,16.695328227735594,13,2,Low
440,57,35.2543698486589,52.250453623172476,33.27715066715767,13,2,Moderate
420,79,31.48895698081123,34.93780465245333,31.620510573228565,19,6,High
205,74,83.55166925714985,52.169118289899856,34.65764492517299,22,2,Low
490,69,76.72888892830869,4.222668041255293,41.86426817257181,16,6,High
237,55,51.348182958351025,14.421722881470087,40.5107431571861,21,0,Low
432,45,16.766126551206497,50.1558284193404,44.419625746876164,18,5,High
436,67,24.35643243185472,51.30934553802418,44.28723098809725,19,5,Moderate
335,85,64.0605191367926,61.930772696594175,38.16959080121258,23,0,Moderate
494,47,39.65371140563705,32.23998072428817,43.69258866533184,20,4,High
236,20,80.28258724993741,57.804327729292496,41.01851657667336,20,0,Moderate
139,21,90.49595083989837,54.71842660481515,36.82747349684919,16,2,Low
458,51,77.50732327474265,77.07147026958792,17.261527639312657,5,6,High
413,48,38.979088069600145,17.210418113974335,16.471496648096632,13,5,Moderate
194,80,75.98177863082816,44.134365100211156,40.12798702517311,17,3,Low
42,20,36.629750612361505,48.141155368837545,29.68967573615095,16,4,Low
232,45,20.03900789890705,79.89183079473766,39.43820053124763,5,1,Low
424,61,8.005388437927166,16.094731373332138,24.387548119656582,4,5,Moderate
254,40,39.714504148491805,41.85744159738338,26.929495749690382,12,2,Low
32,42,86.32033733275537,27.694824617091108,36.00560163035796,15,6,Low
120,22,26.508792898010885,42.07143748631999,42.4598021079628,20,5,Low
436,27,23.58618484368056,18.570288168248474,17.63284423436658,8,6,Moderate
43,50,92.28387067169363,3.808990274199049,40.84434433903819,11,2,Low
383,67,7.2503701565532905,45.80523631181511,38.79038174638096,9,2,Moderate
30,65,75.72039353543789,26.86834526886657,24.466178121895638,12,5,Low
292,33,33.923296016678336,14.555312139874692,25.656498423946786,18,5,Moderate
471,82,8.37391611826934,25.914845286242702,16.39384431665729,15,5,Moderate
450,40,87.60222861886253,3.9424161158195936,15.472218333501539,16,0,Moderate
300,64,17.567809718862527,76.03537872720827,29.310183790731873,15,5,Low
113,19,54.660135535312584,46.491833197860835,17.866189364919315,13,6,Low
220,69,29.6648786686593,65.18149450776198,20.82005443245639,15,1,Low
40,11,10.867352196622193,33.84945580381843,40.40301598579991,23,4,Low
359,24,9.493023709704119,72.26517340529486,32.130851737513574,14,2,Moderate
486,12,15.400102895270491,38.66545772418027,34.0089731179834,11,5,High
230,52,11.423031250044204,45.91562577605355,20.6243799249576,4,1,Low
159,40,73.45023039679306,39.343518405012546,39.85985413363258,10,3,Low
312,79,48.70095820550863,58.66226366941213,41.03939317319242,4,6,Moderate
317,76,35.86028822140817,45.332486208164994,30.6998278113913,23,5,Low
420,65,42.65320191188064,21.727913886431818,42.37673315635979,23,0,Moderate
120,72,88.60520620153609,11.643162505811704,40.34485874863745,10,2,Low
323,84,86.96766314643325,48.489951110638216,36.93972530023314,1,1,Moderate
378,24,69.41088321103192,39.1343969237629,37.02227747080886,18,6,Moderate
47,19,84.6214139679519,7.6780557356890355,18.161804218525898,16,5,Low
60,47,33.768322482886234,31.649397263461474,23.125081130869972,18,1,Low
374,56,39.29983934074546,41.18211376003629,17.00541659453028,11,2,Moderate
322,66,60.23409636688052,66.1514587060472,15.26043627678926,19,1,Moderate
165,59,61.12633525675378,6.088084466668988,19.749285941517304,22,1,Low
275,80,48.35298542111069,27.879627859680234,41.4146154794082,4,6,Low
481,24,41.059206359415796,65.81248981683083,22.196221771081547,11,5,High
246,27,93.75622804478256,51.8739145417263,44.10461887775165,15,5,Low
255,11,78.90112635059519,23.19666574430294,32.91872998683618,0,6,Low
380,52,44.14821780992407,67.62680976181139,22.11775462904071,1,4,Moderate
399,35,70.45632295156116,39.46348644501539,29.913924104526384,9,0,High
474,80,29.260552392721355,39.86815130483684,21.57284468100346,1,4,Moderate
32,47,14.01523936135969,78.12698713603075,44.519206745471216,9,0,Low
229,51,36.71879229974665,75.76932025891027,40.41794951714891,22,0,Low
248,14,41.26755201110548,28.68261466958751,15.787163663469872,17,4,Moderate
416,20,6.488341210460372,11.246330293046585,43.43328094402413,0,6,Moderate
119,74,78.33128014723064,26.053338582247527,36.63195321908662,4,2,Low
50,43,37.327406215026336,2.438660824911043,17.47143756063835,11,6,Low
405,10,57.23763492021323,1.6614309368312963,35.119132389793364,16,1,Moderate
35,11,11.656686854386038,31.641770900113535,34.40780093897057,18,3,Low
156,29,20.74971458755256,75.28158581577873,21.563662374227505,17,4,Low
348,70,85.0724352794804,69.70858729857662,37.75340100022727,12,4,Moderate
185,30,59.78187750945207,40.91542671340984,17.611941099389014,21,2,Low
478,77,90.5255645153437,45.21811049366646,29.683355436937433,2,1,High
329,21,94.88750309521852,0.47467973968451815,15.297696214892637,20,5,Moderate
459,31,38.467410379978496,17.240092466701242,44.062124666842394,9,6,High
489,29,31.892275767494716,1.9819301547506996,37.54690895330728,13,4,High
119,10,82.25204496431871,60.363162615631005,19.76556228478968,7,3,Low
128,39,94.87502843337087,11.65166368211982,25.25022119853849,9,1,Low
362,33,61.66771108092116,69.52376819814535,19.81687133424529,1,4,Moderate
192,23,76.56266502603701,51.46594509406306,37.99852392387944,12,5,Low
256,45,75.3571272933747,18.353494121257068,16.766889762831454,4,4,Moderate
181,78,36.98057373975922,12.61762536665998,40.212199666911424,10,5,Low
412,84,56.684334223137846,50.209976073844246,43.265890165071895,23,0,Moderate
235,33,79.97512471377922,72.06695842258588,35.298838284188996,0,0,Moderate
283,69,66.930248863495,57.468817513150526,21.388963500043026,9,4,Moderate
282,64,6.904743258383443,27.88373212827021,25.802702874406524,12,2,Low
311,86,35.303510200778014,46.99068762149177,29.31719624426794,3,0,Moderate
293,89,18.002812693514482,24.86093562979371,33.13874316606761,20,4,Moderate
22,33,25.96749908702352,79.93196534229271,35.05989269435062,9,5,Low
47,86,86.49405297421931,59.907135076948094,31.626441459566482,11,1,Low
345,33,8.320396001969133,49.15053118054029,25.539417624655673,13,6,Moderate
447,63,24.782064076573135,33.86073142126634,41.72751841694709,2,5,Moderate
168,35,32.86124170144083,49.45218322076458,17.441761740538748,1,3,Low
47,75,60.519566476975534,27.329284997386782,28.987681627304852,18,0,Low
329,89,53.069152107727895,2.3091871566424604,38.26694515402442,10,6,Moderate
457,47,24.644253456804748,31.60708178853063,16.826179958742028,20,6,High
